"","V1","V2","V3","V4","V5","V6","V7","V8","V9"
"1","ROI","voxels","volume_mm3","T1_mean","T1_std","T1_min","T1_max","T1_CoV","T1_nulls"
"2","0","30487","30.487","0.2442891","0.1736413","4.226066e-13","1.175165","0.7108025","3064667"
"3","1","722","0.7220001","0.569865","0.09368043","0.2456162","0.9516917","0.1643906","0"
"4","2","300","0.3","0.6760013","0.08231067","0.4231002","0.8705009","0.1217611","0"
"5","3","734","0.734","0.6357359","0.07011819","0.4278695","0.9155816","0.1102945","0"
"6","4","188","0.188","0.7430832","0.08259433","0.2829753","0.9853035","0.1111508","0"
"7","5","173","0.173","0.6677818","0.08468399","0.1296781","0.8868526","0.1268139","0"
"8","6","103","0.103","0.6458724","0.07680716","0.3455432","0.8374569","0.11892","0"
"9","7","504","0.504","0.7512522","0.06581762","0.4780601","0.9306843","0.08761055","0"
"10","8","1550","1.55","0.6317515","0.1667359","0.09845086","1.028795","0.2639264","16"
"11","9","1095","1.095","0.5420099","0.06046728","0.2381216","0.7332148","0.1115612","0"
"12","10","700","0.7","0.4675086","0.08314537","0.1217293","0.6783684","0.1778478","0"
"13","11","924","0.924","0.5175102","0.09462993","0.08505155","0.8334825","0.1828562","4"
"14","12","779","0.779","0.4453464","0.06977397","0.09504426","0.622273","0.1566735","0"
"15","13","339","0.339","0.4065472","0.04739893","0.2703708","0.520302","0.116589","10"
"16","14","423","0.423","0.4715289","0.05640841","0.2853599","0.6420314","0.1196287","0"
"17","15","3076","3.076","0.4811981","0.1151339","0.0456485","0.8441565","0.2392651","26"
"18","16","3905","3.905","0.3843137","0.0660105","0.12207","0.5749213","0.171762","38"
"19","17","1327","1.327","0.4397418","0.06778421","0.1951984","0.7812479","0.1541455","0"
"20","18","84","0.08400001","0.7090903","0.04722291","0.600925","0.8039586","0.06659647","0"
"21","19","3168","3.168","0.5909327","0.1220374","0.1090113","0.8895779","0.2065165","17"
"22","20","2838","2.838","0.5876769","0.1487666","0.05893425","0.9569151","0.2531436","31"
"23","21","694","0.694","0.4967977","0.06056811","0.2817262","0.6810938","0.121917","0"
"24","22","132","0.132","0.7358292","0.08475842","0.28025","0.9050212","0.1151876","0"
"25","23","31","0.031","0.6755517","0.04818647","0.5900239","0.7693248","0.07132906","0"
"26","24","333","0.333","0.5968651","0.06386799","0.3063673","0.7828376","0.1070057","0"
"27","25","5205","5.205","0.5755462","0.09865771","0.07131159","0.8942336","0.1714158","24"
"28","26","649","0.649","0.6245813","0.06678824","0.3324846","0.8549441","0.1069328","0"
"29","27","1726","1.726","0.6169211","0.1083668","0.09969995","0.9459004","0.1756574","4"
"30","28","1300","1.3","0.6620839","0.1242454","0.09822375","0.9799665","0.1876581","3"
"31","29","1486","1.486","0.4890329","0.06254688","0.2614001","0.6865443","0.1278991","0"
"32","30","32","0.032","0.7179738","0.06371593","0.6055807","0.8597134","0.0887441","0"
"33","31","223","0.223","0.7125974","0.05961804","0.5025877","0.8974131","0.08366301","0"
"34","32","2198","2.198","0.4941891","0.08157164","0.07380976","0.7890831","0.1650616","2"
"35","33","2871","2.871","0.436368","0.07315192","0.09731533","0.7787497","0.1676381","10"
"36","34","1806","1.806","0.3945281","0.06152951","0.09345451","0.5886612","0.1559572","3"
"37","35","270","0.27","0.6568552","0.05899207","0.407657","0.8166766","0.08980986","0"
"38","36","1050","1.05","0.5328352","0.08526996","0.08028231","0.7482039","0.1600306","9"
"39","37","2257","2.257","0.5007722","0.1174729","0.09720177","0.8125887","0.2345835","37"
"40","38","1469","1.469","0.496128","0.08786173","0.1001542","0.7526324","0.1770949","0"
"41","39","495","0.495","0.6629264","0.0837876","0.2401656","0.8498342","0.1263905","1"
"42","40","948","0.9480001","0.613371","0.1145503","0.168854","0.8912812","0.1867553","1"
"43","41","731","0.731","0.4640372","0.05120643","0.2489092","0.6260203","0.1103498","0"
"44","42","2938","2.938","0.2903597","0.06339526","5.00747e-07","0.5031555","0.2183335","17"
"45","43","636","0.636","0.294116","0.0487027","0.1027659","0.454895","0.1655901","1"
"46","44","1428","1.428","0.3008251","0.05174793","0.06290863","0.4478549","0.17202","6"
"47","45","307","0.307","0.2721392","0.04526111","0.1477331","0.3955067","0.166316","0"
"48","46","517","0.517","0.2762346","0.04396795","0.1603375","0.4074296","0.1591689","0"
"49","47","4","0.004","0.3719728","0.01814805","0.3537191","0.3919866","0.04878865","0"
"50","49","960","0.96","0.2283755","0.05771359","1.902709e-07","0.3759755","0.2527136","86"
"51","50","16","0.016","0.3820791","0.0387063","0.3223783","0.4438805","0.1013044","0"
"52","51","14551","14.551","0.4567672","0.1595658","0.0768757","1.183341","0.3493372","1"
"53","52","246","0.246","0.421967","0.07131241","0.1721471","0.6755296","0.169","0"
"54","53","1171","1.171","0.3753217","0.04807526","0.2051911","0.5260932","0.1280908","0"
"55","54","569","0.569","0.3606066","0.05515189","0.1794145","0.5337014","0.152942","0"
"56","55","849","0.849","0.3359109","0.07156213","0.05518699","0.5346097","0.213039","0"
"57","56","60","0.06","0.4208708","0.05902139","0.3043233","0.6230679","0.1402364","0"
"58","57","29300","29.3","0.403419","0.1051902","2.407354e-07","0.8404093","0.2607466","467"
"59","58","99","0.09900001","0.2709292","0.03992229","0.1723742","0.363144","0.1473532","2"
"60","59","5711","5.711","0.3467238","0.07801007","2.421432e-07","0.5704927","0.224992","28"
"61","60","3069","3.069","0.3862216","0.07593301","0.09583914","0.5938846","0.1966048","4"
"62","61","294","0.294","0.3949433","0.05056782","0.2212022","0.5382435","0.1280382","0"
"63","62","3505","3.505","0.4198354","0.0720714","0.107308","0.6912","0.1716658","4"
"64","63","1100","1.1","0.4539256","0.05798553","0.2921731","0.6492988","0.1277424","0"
"65","64","11567","11.567","0.4348722","0.06616639","0.1626086","0.796237","0.1521513","0"
"66","65","6147","6.147","0.3289312","0.08071069","2.100885e-07","0.8893508","0.2453725","106"
"67","66","2094","2.094","0.3850208","0.05181526","0.2470924","0.5513021","0.1345778","0"
"68","67","330","0.33","0.4581394","0.07050105","0.3061402","0.6661047","0.1538856","0"
"69","68","969","0.969","0.4265917","0.05981774","0.2316491","0.6503208","0.1402225","0"
"70","69","4106","4.106","0.4696083","0.07863792","0.1288832","0.7183393","0.1674543","0"
"71","70","356","0.356","0.5413333","0.06170878","0.25277","0.6864308","0.1139941","0"
"72","71","99","0.09900001","0.3629054","0.06513153","0.1690815","0.4977049","0.1794725","0"
"73","72","6381","6.381001","0.4342682","0.08755016","0.10833","0.8315521","0.2016039","0"
"74","73","1543","1.543","0.4589151","0.05390722","0.267532","0.6709875","0.1174666","0"
"75","74","165","0.165","0.5201271","0.05814431","0.3490634","0.6562255","0.1117887","0"
"76","75","296","0.296","0.4153281","0.06634013","0.1150297","0.5590237","0.1597295","0"
"77","76","498","0.498","0.495264","0.06171216","0.2936493","0.7177715","0.1246046","0"
"78","77","1143","1.143","0.3985474","0.04671365","0.255836","0.5634524","0.1172098","0"
"79","78","1318","1.318","0.4429136","0.05786344","0.2405063","0.6336284","0.1306427","0"
"80","79","148","0.148","0.4073823","0.05129083","0.282521","0.5483497","0.1259034","0"
"81","80","1473","1.473","0.4496433","0.0488466","0.2959203","0.612621","0.1086341","0"
"82","81","5674","5.674","0.5412466","0.1071599","0.05598186","0.9853035","0.1979872","11"
"83","82","3296","3.296","0.4406267","0.08506171","0.07483174","0.6716688","0.1930471","2"
"84","83","616","0.6160001","0.3495204","0.04991973","0.1909969","0.5306354","0.1428235","0"
"85","84","57","0.057","0.4307143","0.05694306","0.2743452","0.5614084","0.1322061","0"
"86","85","2212","2.212","0.424909","0.06429396","0.1092384","0.6469141","0.1513123","0"
"87","86","216","0.216","0.417126","0.07391205","0.2285831","0.6557713","0.1771936","0"
"88","87","198","0.198","0.4074678","0.04519102","0.2981914","0.5187123","0.110907","0"
"89","88","350","0.35","0.4552154","0.04432176","0.321697","0.5907052","0.09736437","0"
"90","89","3073","3.073","0.3069946","0.1410012","0.03701843","0.8107718","0.4592953","0"
"91","90","120","0.12","0.4043905","0.09396633","0.1329711","0.5970642","0.2323653","0"
"92","91","26271","26.271","0.279944","0.08127021","2.525394e-07","0.6051264","0.2903088","603"
"93","92","258","0.258","0.2981663","0.05341243","0.163517","0.4476278","0.1791364","0"
"94","93","291","0.291","0.2972932","0.0459725","0.1728284","0.4200343","0.1546369","0"
"95","94","2","0.002","0.2921163","0.04215456","0.2623085","0.3219241","0.1443074","0"
"96","95","650","0.65","0.2880136","0.04556715","0.1366048","0.4250306","0.1582118","0"
"97","96","18","0.018","0.2698094","0.06578039","0.1529565","0.3863089","0.2438032","0"
"98","97","206","0.206","0.3947747","0.05037026","0.2640118","0.5112177","0.1275924","0"
"99","98","468","0.468","0.3324889","0.04772051","0.2051911","0.4944118","0.1435251","0"
"100","99","2628","2.628","0.2341553","0.06532679","0.05757161","0.4329794","0.2789892","0"
"101","100","1524","1.524","0.2688997","0.04898538","0.1084438","0.4707927","0.1821697","0"
"102","101","162","0.162","0.355313","0.04334046","0.2512938","0.4772653","0.1219783","0"
"103","102","57","0.057","0.2528776","0.04553565","0.132744","0.3688217","0.1800699","0"
"104","103","226","0.226","0.3191732","0.04136079","0.2240412","0.4361589","0.1295873","0"
"105","104","3102","3.102","0.3209864","0.06799322","0.08675485","0.5312032","0.2118259","0"
"106","105","235","0.235","0.3799914","0.05474101","0.2456162","0.5619761","0.1440586","0"
"107","106","402","0.402","0.271825","0.04888726","0.1329711","0.4051588","0.1798483","0"
"108","107","1226","1.226","0.3455772","0.05584013","0.1002677","0.5143973","0.1615851","0"
"109","108","1","0.001","0.3790415","0","0.3790415","0.3790415","0","0"
"110","109","276","0.276","0.22918","0.04807819","0.1069677","0.3665506","0.2097835","0"
"111","110","609","0.609","0.2784556","0.06881295","0.07755702","0.7731856","0.2471236","0"
"112","111","223","0.223","0.2889743","0.05119007","0.1344474","0.4715876","0.1771441","0"
"113","112","893","0.8930001","0.1903978","0.04507159","1.509605e-07","0.3492904","0.2367232","0"
"114","113","1479","1.479","0.2538257","0.05263468","0.08766337","0.4335472","0.2073654","0"
"115","114","1566","1.566","0.1701225","0.04369588","0.03463392","0.3229461","0.2568496","5"
"116","115","1755","1.755","0.2663603","0.05132933","0.1193447","0.4288915","0.1927064","0"
"117","116","4367","4.367","0.1779176","0.04835304","0.05200759","0.3706385","0.2717721","0"
"118","117","362","0.362","0.2170939","0.03886529","0.1312678","0.3392976","0.1790253","0"
"119","118","203","0.203","0.3839713","0.05075061","0.2317626","0.5254119","0.1321729","0"
"120","119","1024","1.024","0.3234142","0.07581836","3.240127e-07","0.5249577","0.2344311","75"
"121","120","1084","1.084","0.4660378","0.08095835","0.1839566","0.751724","0.1737163","0"
"122","121","8613","8.613001","0.5040556","0.1095951","0.1359235","0.9403363","0.2174266","0"
"123","122","50","0.05","0.4171705","0.06952064","0.2126857","0.5842326","0.166648","0"
"124","123","400","0.4","0.4420804","0.0760873","0.2419825","0.6482768","0.1721119","0"
"125","124","470","0.47","0.6102987","0.07190083","0.4408146","0.8094091","0.1178125","0"
"126","125","428","0.428","0.3514616","0.0993961","0.08300759","0.5716282","0.2828079","22"
"127","126","18","0.018","0.5328118","0.04880911","0.440701","0.6491852","0.09160666","0"
"128","127","1694","1.694","0.4206967","0.05620772","0.215638","0.598881","0.1336063","0"
"129","129","35","0.035","0.3697139","0.1056681","0.1502312","0.5757161","0.2858104","0"
"130","131","18","0.018","0.5250838","0.0635113","0.4237816","0.6658776","0.1209546","0"
"131","132","4","0.004","0.4189556","0.01897453","0.3972101","0.4434263","0.04529007","0"
"132","133","1319","1.319","0.33768","0.07978391","0.07187935","0.552097","0.2362708","0"
"133","134","499","0.499","0.3528677","0.07482768","0.09050212","0.5327929","0.2120559","0"
"134","135","1029","1.029","0.1849697","0.04487395","0.06279507","0.3222646","0.2426017","14"
"135","136","455","0.455","0.1665007","0.04855054","1.405644e-07","0.3013708","0.2915936","9"
"136","137","78","0.078","0.217615","0.04101456","0.1262715","0.3033013","0.1884731","0"
"137","138","1","0.001","0.1902021","0","0.1902021","0.1902021","0","0"
"138","139","14","0.014","0.2377566","0.05809695","0.1484144","0.3404333","0.2443547","0"
"139","140","809","0.809","0.2014557","0.08182992","0.05212113","0.5166683","0.406193","0"
"140","141","258","0.258","0.131634","0.04115902","5.035626e-08","0.2451618","0.3126777","0"
"141","142","96","0.096","0.4037299","0.05441784","0.2896749","0.5499395","0.1347877","0"
"142","143","681","0.6810001","0.3141294","0.06108313","0.1627221","0.5595915","0.1944521","0"
"143","144","1022","1.022","0.2622016","0.05283919","0.09947284","0.4376351","0.2015212","0"
"144","145","402","0.402","0.3374357","0.06460573","0.1504584","0.5230273","0.1914609","0"
"145","146","273","0.273","0.2119573","0.05320647","0.06165954","0.3646202","0.2510245","0"
"146","147","3581","3.581","0.2634482","0.05121128","0.106286","0.4667048","0.1943884","0"
"147","148","3928","3.928","0.327136","0.1204469","0.06256796","0.9434023","0.368186","0"
"148","149","181","0.181","0.4452433","0.0857195","0.121048","0.7162953","0.1925228","0"
"149","151","290","0.29","0.5244615","0.09022135","0.2319897","0.7722772","0.1720266","0"
"150","152","614","0.614","0.2291842","0.06187766","0.07846545","0.4103823","0.269991","0"
"151","153","533","0.5330001","0.4374136","0.0484646","0.2808177","0.5837784","0.1107981","0"
"152","154","45","0.045","0.3792812","0.1308755","0.121048","0.6215917","0.3450619","0"
"153","155","76","0.07600001","0.5397601","0.06130457","0.3869902","0.6856359","0.1135774","0"
"154","156","101","0.101","0.5102283","0.05128015","0.3942577","0.6406687","0.1005043","0"
"155","157","365","0.365","0.4804694","0.06043756","0.228356","0.6539544","0.1257886","0"
"156","158","70","0.07","0.3861889","0.0504435","0.2917189","0.5117855","0.1306187","0"
"157","160","246","0.246","0.4035911","0.04876153","0.2634441","0.5399468","0.1208191","0"
"158","161","146","0.146","0.466928","0.2392073","0.07085737","0.9520323","0.5123001","0"
"159","162","826","0.826","0.2090108","0.05246091","0.05019064","0.3890342","0.2509961","0"
"160","163","654","0.654","0.3960458","0.05239552","0.1726013","0.5500531","0.1322966","0"
"161","164","36","0.036","0.4129088","0.04774684","0.2854734","0.5385841","0.1156353","0"
"162","165","53","0.053","0.4079826","0.05510247","0.3086383","0.5408552","0.1350608","0"
"163","166","943","0.943","0.3317685","0.05461589","0.1628357","0.5112177","0.1646204","0"
"164","1001","812","0.812","0.593084","0.09142359","0.3027336","0.9437429","0.1541495","0"
"165","1002","374","0.374","0.6982147","0.09699562","0.3160193","0.8829918","0.1389195","0"
"166","1003","1106","1.106","0.6614817","0.0698849","0.2298322","0.9696331","0.105649","0"
"167","1004","262","0.262","0.7614835","0.1192361","0.2098468","0.9889372","0.1565839","0"
"168","1005","224","0.224","0.7258022","0.0689896","0.3445213","0.8655046","0.09505288","0"
"169","1006","110","0.11","0.7344443","0.06144722","0.592522","0.9681569","0.08366492","0"
"170","1007","650","0.65","0.7651512","0.07589519","0.4827158","1.0213","0.0991898","0"
"171","1008","1508","1.508","0.7411082","0.1452993","0.1431909","1.037879","0.1960568","15"
"172","1009","1254","1.254","0.5767549","0.05706026","0.3170413","0.7328741","0.0989333","0"
"173","1010","629","0.629","0.8073326","0.08953913","0.3111359","1.122249","0.1109074","0"
"174","1011","790","0.79","0.8948642","0.1014476","3.973488e-06","1.211388","0.1133665","1"
"175","1012","626","0.626","0.7232782","0.07498913","0.3424773","0.9392005","0.1036795","0"
"176","1013","340","0.34","0.4859518","0.06144748","0.2427773","0.6240899","0.1264477","1"
"177","1014","351","0.351","0.619687","0.07966686","0.4366131","0.8845816","0.1285598","0"
"178","1015","3257","3.257","0.574104","0.111991","0.08414312","0.9499884","0.1950709","45"
"179","1016","3643","3.643","0.4938053","0.1088392","9.395504e-07","0.9385195","0.2204091","24"
"180","1017","1614","1.614","0.5160397","0.06487548","0.258107","0.7366214","0.125718","0"
"181","1018","67","0.067","0.9245747","0.06470159","0.7864714","1.053095","0.06997985","0"
"182","1019","3689","3.689","0.7381878","0.1181464","0.1333118","1.080348","0.1600493","34"
"183","1020","3460","3.46","0.6688132","0.1481858","0.08028231","1.030157","0.2215654","9"
"184","1021","723","0.723","0.5144328","0.06215139","0.3172684","0.7578559","0.1208154","0"
"185","1022","219","0.219","0.8856658","0.05969648","0.7583101","1.050143","0.06740294","0"
"186","1023","12","0.012","0.9395888","0.03603076","0.8852629","0.9956369","0.03834737","0"
"187","1024","327","0.327","0.9558863","0.07788154","0.6379434","1.175165","0.08147573","0"
"188","1025","5028","5.028","0.891392","0.1518197","2.365986e-06","1.300301","0.1703176","28"
"189","1026","613","0.613","0.935509","0.1095742","0.6091008","1.286674","0.1171279","0"
"190","1027","1579","1.579","0.8516398","0.1452312","0.06881341","1.226832","0.1705313","1"
"191","1028","1280","1.28","0.8572237","0.136176","0.07460463","1.12804","0.158857","8"
"192","1029","1423","1.423","0.6782573","0.09396914","0.4461516","1.002791","0.138545","0"
"193","1030","28","0.028","0.931978","0.05563344","0.8022553","1.075011","0.05969394","0"
"194","1031","276","0.276","0.9211003","0.06622745","0.6310167","1.104421","0.07190038","0"
"195","1032","2188","2.188","0.7427223","0.136822","2.667907e-06","1.07785","0.1842169","11"
"196","1033","2623","2.623","0.6264549","0.1117507","0.07233343","1.002564","0.1783858","7"
"197","1034","1426","1.426","0.6632432","0.07816389","0.4114043","0.922622","0.117851","4"
"198","1035","350","0.35","0.9252238","0.06701323","0.5419908","1.085117","0.0724292","0"
"199","1036","994","0.994","0.8543575","0.1037421","2.302743e-06","1.181751","0.1214271","3"
"200","1037","2192","2.192","0.7454329","0.1366408","0.1556818","1.089205","0.1833039","15"
"201","1038","1266","1.266","0.8269604","0.1056583","0.3454297","1.134059","0.127767","1"
"202","1039","649","0.649","0.8397285","0.08578502","0.4274153","1.100333","0.102158","1"
"203","1040","959","0.9590001","0.7693534","0.1023904","0.4243493","1.024025","0.1330864","0"
"204","1041","765","0.765","0.5176645","0.05870142","0.3457703","0.7387789","0.1133966","0"
"205","1042","2556","2.556","0.4049893","0.1013492","6.965408e-07","0.7223132","0.2502515","41"
"206","1043","677","0.677","0.3449098","0.05289692","0.1389894","0.5566391","0.1533645","2"
"207","1044","1490","1.49","0.3936059","0.07207969","5.798009e-07","0.830302","0.1831266","4"
"208","1045","300","0.3","0.3283429","0.04978544","0.2129128","0.4632982","0.1516264","0"
"209","1046","636","0.636","0.3175057","0.04705558","0.1603375","0.457507","0.1482039","0"
"210","1047","53","0.053","0.4705721","0.05172867","0.3702979","0.5712875","0.1099272","0"
"211","1049","834","0.8340001","0.2590101","0.08573365","7.964667e-13","0.4609135","0.331005","103"
"212","1050","36","0.036","0.5154035","0.0617511","0.3754078","0.6573611","0.1198112","0"
"213","1051","14401","14.401","0.6201388","0.2033091","0.1004948","1.553184","0.3278445","0"
"214","1052","180","0.18","0.4281425","0.06228795","0.2751401","0.6294269","0.1454841","0"
"215","1053","965","0.965","0.569917","0.06190988","0.3353234","0.8222407","0.1086296","0"
"216","1054","484","0.484","0.5183099","0.08080459","0.2760489","0.8429074","0.1559002","0"
"217","1055","795","0.795","0.4736109","0.09656319","0.09470373","0.7044858","0.2038872","1"
"218","1056","33","0.033","0.5969713","0.09175701","0.2669642","0.7311708","0.1537042","0"
"219","1057","29095","29.095","0.4496278","0.1103724","1.297351e-07","0.9170579","0.245475","484"
"220","1058","103","0.103","0.293667","0.0602607","0.1152568","0.4590967","0.2052008","0"
"221","1059","5877","5.877","0.3687349","0.08237264","1.961187e-07","0.6902916","0.2233926","38"
"222","1060","3141","3.141","0.4132365","0.07796001","4.851528e-07","0.6725772","0.1886571","7"
"223","1061","319","0.319","0.4430434","0.05172704","0.2519751","0.5783278","0.1167539","0"
"224","1062","3625","3.625","0.4384238","0.07782273","0.09583914","0.7551306","0.1775057","6"
"225","1063","1015","1.015","0.5493321","0.06473427","0.3642795","0.7315115","0.1178418","0"
"226","1064","10923","10.923","0.5532542","0.08871406","0.2311949","0.9565745","0.1603495","0"
"227","1065","6410","6.41","0.3717642","0.1055954","1.641722e-07","0.72731","0.2840386","168"
"228","1066","2087","2.087","0.4199688","0.05234354","0.2506125","0.6242034","0.1246367","0"
"229","1067","314","0.314","0.5051704","0.07376062","0.2891071","0.7553577","0.1460114","0"
"230","1068","1057","1.057","0.4918046","0.06290609","0.296261","0.6967641","0.1279087","0"
"231","1069","4427","4.427","0.5089773","0.08471376","0.1344473","0.7630793","0.1664392","0"
"232","1070","453","0.453","0.6250627","0.06809456","0.3406604","0.8257608","0.1089404","0"
"233","1071","135","0.135","0.3886675","0.07021124","0.218023","0.5593644","0.180646","0"
"234","1072","6062","6.062","0.4740803","0.09666176","0.1084436","0.8742482","0.2038932","0"
"235","1073","931","0.9310001","0.5526608","0.06338918","0.2900156","0.7368485","0.1146982","0"
"236","1074","171","0.171","0.6198382","0.05050222","0.4653421","0.7378705","0.08147646","0"
"237","1075","252","0.252","0.5555838","0.06715181","0.2617407","0.7001707","0.1208671","0"
"238","1076","522","0.522","0.6407579","0.06742602","0.3734774","0.8563067","0.1052285","0"
"239","1077","934","0.934","0.4662681","0.05352558","0.3084112","0.646687","0.1147957","0"
"240","1078","1043","1.043","0.5523726","0.06761242","0.3004625","0.8208781","0.1224037","0"
"241","1079","155","0.155","0.5152222","0.05968075","0.3274882","0.6809802","0.115835","0"
"242","1080","1517","1.517","0.486932","0.05385067","0.3062537","0.6708739","0.1105918","0"
"243","1081","5134","5.134","0.6308378","0.1226929","0.06472548","1.088524","0.1944919","1"
"244","1082","2678","2.678","0.5587327","0.08891675","0.1118502","0.8285997","0.1591401","47"
"245","1083","599","0.599","0.4159193","0.05538798","0.2662831","0.6077382","0.13317","0"
"246","1084","75","0.075","0.4524577","0.0579471","0.3154516","0.5737857","0.1280719","0"
"247","1085","2291","2.291","0.508949","0.09142518","0.1163923","0.8630064","0.1796353","0"
"248","1086","167","0.167","0.4091821","0.07095363","0.117755","0.6318116","0.1734035","0"
"249","1087","240","0.24","0.4990174","0.05006301","0.3296457","0.6331742","0.1003232","0"
"250","1088","362","0.362","0.5572799","0.04762296","0.4327523","0.7243576","0.08545609","0"
"251","1089","3307","3.307","0.3397485","0.1542135","1.022286e-07","0.7966912","0.453905","3"
"252","1090","85","0.085","0.3978473","0.09213096","0.1593155","0.6095551","0.2315737","0"
"253","1091","25933","25.933","0.3372584","0.1105926","3.127503e-07","0.8075919","0.3279164","769"
"254","1092","230","0.23","0.3673407","0.05079094","0.2145025","0.4999759","0.1382666","0"
"255","1093","273","0.273","0.3653689","0.04997533","0.218704","0.4868037","0.1367805","0"
"256","1094","1","0.001","0.3766569","0","0.3766569","0.3766569","0","0"
"257","1095","624","0.624","0.3199675","0.04757731","0.1626086","0.4670454","0.1486942","0"
"258","1096","20","0.02","0.2780414","0.05209573","0.1904292","0.3477007","0.1873668","0"
"259","1097","220","0.22","0.4565055","0.04868582","0.3462245","0.5924085","0.1066489","0"
"260","1098","454","0.454","0.3722058","0.04579358","0.2079164","0.5134888","0.1230329","0"
"261","1099","3061","3.061","0.2557548","0.0735473","0.07471818","0.5003166","0.2875696","0"
"262","1100","1603","1.603","0.2774473","0.05220402","0.1132128","0.4442212","0.1881583","0"
"263","1101","159","0.159","0.3975428","0.04313302","0.2872903","0.5011115","0.1084991","0"
"264","1102","55","0.055","0.3195251","0.03926314","0.225063","0.4070892","0.1228797","0"
"265","1103","150","0.15","0.3487825","0.04227883","0.2208615","0.4773788","0.1212183","0"
"266","1104","3132","3.132","0.3410923","0.07691912","0.09935929","0.5591373","0.2255082","0"
"267","1105","193","0.193","0.3696766","0.05753615","0.2152974","0.4911188","0.1556391","0"
"268","1106","525","0.525","0.330958","0.05255003","0.1938358","0.4665912","0.1587816","0"
"269","1107","1149","1.149","0.3584159","0.05813726","0.1443265","0.5357453","0.1622061","0"
"270","1108","2","0.002","0.4064079","0.05957847","0.3642795","0.4485362","0.1465977","0"
"271","1109","269","0.269","0.253892","0.0517007","0.1073083","0.3989131","0.2036326","2"
"272","1110","481","0.481","0.281481","0.05558779","0.1019711","0.5002031","0.1974832","0"
"273","1111","208","0.208","0.2973447","0.05378958","0.1477332","0.4481956","0.1808997","0"
"274","1112","937","0.937","0.2018576","0.04976802","0.05189384","0.385741","0.2465501","0"
"275","1113","1472","1.472","0.269977","0.05224854","0.09663417","0.4307083","0.1935296","0"
"276","1114","1622","1.622","0.178647","0.04661143","0.04065214","0.3626898","0.2609137","18"
"277","1115","2134","2.134","0.2872202","0.05465748","0.1082165","0.4701114","0.1902982","0"
"278","1116","4080","4.08","0.1824752","0.04751746","2.21351e-07","0.351902","0.2604051","2"
"279","1117","382","0.382","0.2215883","0.04225636","0.09231897","0.3659829","0.1906976","0"
"280","1118","220","0.22","0.3978682","0.05081744","0.2346015","0.591273","0.1277243","0"
"281","1119","1076","1.076","0.3560852","0.1121314","5.431979e-07","0.690178","0.3149004","91"
"282","1120","898","0.8980001","0.5528016","0.0813588","0.2717335","0.8472224","0.1471754","0"
"283","1121","8627","8.627001","0.6381289","0.1180852","0.2162058","0.9901863","0.1850491","0"
"284","1122","48","0.048","0.4243092","0.06329078","0.3111365","0.5877528","0.1491619","0"
"285","1123","408","0.408","0.5665595","0.08782735","0.3025064","0.8485851","0.1550188","0"
"286","1124","463","0.463","0.6917835","0.07682721","0.480899","0.8719772","0.1110567","0"
"287","1125","371","0.371","0.4041235","0.1122263","0.09424938","0.6150056","0.2777031","29"
"288","1126","30","0.03","0.5427288","0.04637786","0.4670454","0.6879069","0.08545309","0"
"289","1127","1619","1.619","0.5112168","0.07424507","0.2700302","0.7960098","0.1452321","0"
"290","1129","31","0.031","0.4387011","0.101211","0.2184769","0.6056942","0.2307062","0"
"291","1131","10","0.01","0.5219032","0.08976024","0.3706385","0.6436211","0.1719864","0"
"292","1132","7","0.007","0.5707847","0.0676692","0.481921","0.6542951","0.1185547","0"
"293","1133","1222","1.222","0.3925969","0.09251528","0.07891966","0.652024","0.2356496","0"
"294","1134","432","0.432","0.4447183","0.09336169","0.08732262","0.6500936","0.2099344","0"
"295","1135","1111","1.111","0.2146256","0.05573907","0.06415779","0.3987998","0.2597037","1"
"296","1136","427","0.427","0.1576719","0.04985251","1.330921e-07","0.302847","0.3161789","16"
"297","1137","103","0.103","0.2526444","0.04419632","0.1657881","0.3961881","0.1749349","0"
"298","1139","11","0.011","0.2717025","0.04327585","0.1781654","0.3186311","0.1592766","0"
"299","1140","704","0.7040001","0.2014627","0.08553715","0.0501908","0.5285915","0.4245806","0"
"300","1141","272","0.272","0.1391932","0.03768927","1.248619e-07","0.2649202","0.2707695","20"
"301","1142","81","0.081","0.4589439","0.0499433","0.3329388","0.5704927","0.1088222","0"
"302","1143","640","0.64","0.3632696","0.07740913","0.05870715","0.6715552","0.21309","0"
"303","1144","909","0.909","0.3090671","0.05926231","0.1116231","0.5409688","0.1917458","0"
"304","1145","395","0.395","0.3734817","0.05816547","0.221997","0.5500531","0.1557385","0"
"305","1146","316","0.316","0.2463335","0.05618725","0.09504426","0.4169683","0.2280943","0"
"306","1147","3267","3.267","0.3154606","0.06160552","0.1440994","0.594566","0.1952875","3"
"307","1148","4006","4.006","0.4006102","0.153693","0.1012901","1.085003","0.3836473","0"
"308","1149","162","0.162","0.4778813","0.08298572","0.256858","0.7101634","0.1736534","0"
"309","1151","198","0.198","0.7009214","0.08272281","0.4921408","0.9321605","0.1180201","0"
"310","1152","599","0.599","0.236351","0.06725287","0.07380976","0.4342285","0.2845465","0"
"311","1153","508","0.508","0.5473587","0.05691966","0.3696166","0.7291269","0.1039897","0"
"312","1154","41","0.041","0.4925007","0.1812661","0.1351286","0.752746","0.3680524","0"
"313","1155","113","0.113","0.6522573","0.05398575","0.5083789","0.7836325","0.08276757","0"
"314","1156","156","0.156","0.6114382","0.06435013","0.399254","0.7642149","0.1052439","0"
"315","1157","348","0.348","0.5422017","0.06242983","0.3349828","0.7421855","0.1151413","0"
"316","1158","73","0.07300001","0.3964245","0.04925371","0.3076164","0.5386977","0.1242449","0"
"317","1160","261","0.261","0.4767598","0.05123322","0.3492905","0.6288592","0.1074613","0"
"318","1161","154","0.154","0.5469369","0.1907696","0.09822375","0.9110395","0.3487964","0"
"319","1162","1014","1.014","0.2153514","0.05236189","0.08153155","0.3606458","0.2431463","0"
"320","1163","853","0.853","0.4117512","0.05024465","0.2078029","0.5733315","0.1220267","0"
"321","1164","32","0.032","0.4409955","0.04007234","0.3522429","0.5492582","0.09086791","0"
"322","1165","26","0.026","0.4128543","0.04414023","0.332371","0.4974778","0.1069148","0"
"323","1166","1068","1.068","0.3900615","0.05852422","0.1612459","0.6269287","0.1500385","0"
