ANIMAL,Sex,DOB,Weight,Genotype,DWI,GRE,Exterior,A24a,A24aPrime,A24b,A24bPrime,A29a,A29b,A29c,A30,A32,Au1,AuD,AuV,DLO,Fr3,FrA,Ins,LO,LPtA,M1,M2,MO,MPtA,PtPR,S1,S1BF,S1DZ,S1FL,S1HL,S1J,S1Sh,S1Tr,S1ULp,S2,TeA,V1,V1B,V1M,V2L,V2ML,V2MM,VO,CEnt,DIEnt,DLEnt,MEnt,VIEnt,Cl,DCl,PLCo,VCl,Hc,DTT,Ect,PaS,PRh,PrS,Pir,APir,Hyp,Preopt,Sthal,SPT,GP,CPu,Amy,Acb,BNst,Vpal,PAG,APT,VTA,Thal_R,VT,LDNT,MGN,LGN,ZI,RTN,Sub_PP,DpMe,SC,IC,SN,RPC,MRN,RI,Cn,PrCn,BS_R,Iped,Cb_1_10,Den,Int,FasDL,FasMed,Vll,ParB,KF,PCRt,CG,Su5,m5,5N,PnO,Raph,Pr5,DTg,Tg,CoN,Pn,RTg,Oliv,PnC,Sp5,Ve,Gi,Cu,ac,ot,fi,cc,fx,st,cg,lo,vhc,ic,fr,sm,mt,pc,bsc,cp,ll,sp5,py,n8,n7,lfp,mlf_ts,sc,ml,vsc,mcp,scp,icp_oc_tz,cbw,LV,A25,das,Post,4V,MiTg,PT,LDVL,LP,Athal,RMC,PaR,RR,CSF,IRN,PHD_PaMP_Post_and_LatHy,PR_p3Tg_L,PVG,BLA
190715_7:1,female,5/26/18,27.5,APOE22,N57496,N57497,0.3493397,0.002966142,0.002894385,0.001998476,0.002059884,0.002470054,0.002220428,0.003154598,0.001968896,0.001682062,0.001666098,0.00156741,0.001744404,0.001683315,0.001344066,0.001658571,0.0020498,0.001949862,0.001061818,0.001811484,0.00190583,0.001735864,0.001432492,0.000984254,0.001667443,0.001780715,0.001819349,0.001819435,0.001701437,0.001296466,0.001182125,0.001110347,0.001497911,0.001694576,0.001649894,0.001134163,0.001143243,0.001566617,0.001319552,0.001651257,0.001672865,0.002410319,0.001836223,0.001984293,0.002203905,0.001539462,0.001839734,0.003462435,0.003592377,0.00243374,0.004233791,0.002579571,0.001474061,0.002004959,0.001887703,0.002237253,0.001634248,0.002514577,0.001523623,0.002039947,0.00240516,0.003424482,0.002886572,0.002971026,0.002351359,0.002243507,0.00200119,0.002776101,0.003020864,0.00207853,0.002358919,0.003520602,0.002587746,0.002697153,0.002137863,0.002583173,0.003120735,0.00327641,0.003509778,0.002795342,0.002687736,0.002350287,0.002416016,0.003504234,0.002835816,0.003112298,0.003455635,0.002779435,0.002542008,0.003481215,0.002418432,0.002632652,0.00345743,0.002758786,0.002987526,0.003405183,0.003467119,0.002788928,0.003031867,0.002509455,0.002397246,0.002734334,0.003975536,0.002262376,0.002836476,0.00410237,0.003244968,0.002171471,0.00332874,0.003612272,0.00435918,0.003411177,0.002463588,0.001936673,0.002938093,0.003217731,0.002587328,0.003125905,0.005777148,0.006531456,0.006525989,0.004966584,0.005373389,0.00683879,0.004708051,0.005086462,0.006212542,0.00593197,0.004656719,0.005418376,0.004423819,0.003995705,0.005110273,0.006360816,0.004116733,0.006091689,0.006493548,0.006234911,0.00503837,0.005519438,0.003978213,0.006163912,0.004389752,0.005025844,0.007092757,0.00447678,0.005793619,0.004336608,0.001903936,0.002114868,0.004895053,0.002509847,0.001652466,0.002437849,0.002538924,0.002343923,0.002306927,0.002771881,0.003857296,0.002956966,0.003541812,0.001676916,0.002227839,0.002967947,0.003935169,0.002641821,0.002299809
190715_8:1,female,5/26/18,28.8,APOE22,N57500,N57501,0.3602842,0.002995079,0.002845466,0.002001193,0.002021075,0.002611612,0.002092995,0.003064978,0.00210279,0.001658817,0.001690638,0.001607086,0.001669064,0.001710306,0.001487407,0.001664364,0.002012587,0.001881076,0.00117886,0.001782433,0.001922327,0.001845291,0.001623677,0.001094114,0.001685959,0.001842329,0.001761609,0.001882691,0.001836568,0.001353865,0.001298449,0.001198468,0.001507693,0.001696217,0.001634137,0.001031853,0.001211479,0.001590416,0.001441619,0.00160235,0.00175373,0.002344566,0.001887535,0.002063078,0.002175266,0.001313104,0.001780733,0.003565217,0.003474852,0.002305542,0.004285346,0.00264644,0.001523077,0.001966905,0.001950833,0.002258604,0.001712059,0.00258169,0.001728739,0.00197956,0.002259284,0.003434578,0.002848349,0.002947433,0.002322319,0.002279856,0.001939961,0.002922082,0.002829295,0.002188918,0.00226218,0.003483453,0.002610904,0.002723555,0.002221031,0.002547406,0.003168693,0.003396614,0.00360443,0.002800052,0.002780697,0.002276956,0.002493875,0.003626303,0.002821403,0.003243611,0.00337167,0.002956604,0.002692177,0.003401554,0.002258954,0.002704272,0.003592793,0.002840282,0.002999505,0.003524498,0.003324164,0.002845711,0.003131876,0.002420975,0.002385944,0.002991298,0.003781681,0.002117728,0.00279998,0.003980731,0.003177193,0.002153943,0.003375824,0.003836595,0.004140876,0.003277729,0.002399957,0.001919137,0.002862054,0.003273785,0.002420302,0.003237877,0.005853381,0.00643217,0.006674736,0.005025366,0.005218546,0.007081811,0.00474518,0.005075229,0.005983125,0.005952651,0.004629273,0.005630952,0.00429716,0.004166126,0.005412678,0.006404309,0.004348265,0.006110425,0.006222696,0.006354937,0.005209471,0.00567002,0.003698004,0.006109486,0.004384638,0.004931313,0.007116812,0.004271754,0.005661223,0.004338788,0.001980662,0.002247059,0.005281954,0.002412642,0.001697954,0.002557599,0.002384604,0.002525557,0.002394679,0.002751122,0.003702447,0.003138814,0.003589407,0.00165949,0.002242471,0.003014742,0.003888196,0.002729886,0.002245428
191028_3:1,female,4/26/18,22.3,APOE22,N57694,N57695,0.3442935,0.003055271,0.002807474,0.001997921,0.002175966,0.002511559,0.002253375,0.00304803,0.002047292,0.001746687,0.001404663,0.001371614,0.001539404,0.001775792,0.001373158,0.001700932,0.00182848,0.002054887,0.001083375,0.00172599,0.001930303,0.00181514,0.001540801,0.000935404,0.001346712,0.00182509,0.00185657,0.001858424,0.001689927,0.00133929,0.001086162,0.001067905,0.001364185,0.001454431,0.001551753,0.001023156,0.001061941,0.001489621,0.001146711,0.001633592,0.001778415,0.002454112,0.001831663,0.00204703,0.002410104,0.001654316,0.001922938,0.003941262,0.003172853,0.002474082,0.003808777,0.002600385,0.001391886,0.001810346,0.002005841,0.00217776,0.001906147,0.002497635,0.001841926,0.001935786,0.002200389,0.003523125,0.00284017,0.002840745,0.002214657,0.002136183,0.001979896,0.002757184,0.002739024,0.002157373,0.002374951,0.003535033,0.002598738,0.002767056,0.002175956,0.00249611,0.003113305,0.003355515,0.003700408,0.002840722,0.002805419,0.002347538,0.002521169,0.003601119,0.00307571,0.003249154,0.003602956,0.002902829,0.002662927,0.003344171,0.00248561,0.002681022,0.003675604,0.002964375,0.003002415,0.003567596,0.003411237,0.002811946,0.003089384,0.0024873,0.002398377,0.002985994,0.004018335,0.002390251,0.002823279,0.004269596,0.003285862,0.002153481,0.003340998,0.00385568,0.004254541,0.003575234,0.002329027,0.002047401,0.002903564,0.003379867,0.00257625,0.003106721,0.005865938,0.006584036,0.006588666,0.004944434,0.005259486,0.007039715,0.004623452,0.00497844,0.006354226,0.006038397,0.004881757,0.005493381,0.004580176,0.004207692,0.005343935,0.00654664,0.004427481,0.006072805,0.006145132,0.006561258,0.005928364,0.005527032,0.00370642,0.005806971,0.004517092,0.004986346,0.007249914,0.00431008,0.00607467,0.004464559,0.00179281,0.002329781,0.005260199,0.002334256,0.001708504,0.002623137,0.002466763,0.00246746,0.002337712,0.002799532,0.003819848,0.002975111,0.003667943,0.001705666,0.002348763,0.003065023,0.004020048,0.002914238,0.002173669
191028_4:1,female,4/26/18,24,APOE22,N57702,N57703,0.336286,0.002856824,0.002724897,0.002077859,0.002283568,0.002647462,0.002155903,0.00319667,0.002147813,0.001780192,0.001611722,0.001435258,0.001652003,0.001769512,0.001235561,0.001647592,0.00183447,0.00188856,0.001128372,0.001669599,0.001955701,0.001856748,0.001609205,0.00100927,0.001419088,0.001713637,0.001750507,0.001801582,0.001722759,0.001232804,0.001082522,0.001154295,0.001340099,0.001505554,0.00151977,0.001140137,0.001214876,0.001511998,0.001176212,0.001510044,0.001732419,0.002324139,0.001752917,0.001982837,0.002084984,0.001445538,0.001778941,0.003919436,0.003509452,0.002577756,0.004078574,0.002591671,0.001457027,0.001751584,0.002051603,0.002004301,0.001978846,0.002496198,0.001949787,0.001949221,0.002301031,0.003458587,0.002797785,0.002798378,0.00228931,0.002254643,0.00203917,0.00273811,0.002796421,0.002207328,0.002360648,0.003508627,0.002566181,0.002672473,0.00218264,0.002497979,0.003269855,0.003339608,0.003663195,0.002872788,0.002857888,0.002404964,0.002625565,0.003616816,0.002982951,0.003218792,0.003621976,0.002896464,0.002740704,0.003375157,0.002385043,0.002630492,0.003709278,0.003002298,0.003032214,0.003402808,0.003318246,0.002672855,0.002913344,0.002424762,0.002405199,0.002754401,0.00424887,0.002272999,0.002858798,0.004158809,0.003171134,0.002189442,0.003154459,0.003783372,0.004186576,0.003430602,0.002372643,0.001905513,0.002746265,0.003190494,0.002487962,0.003176866,0.005924067,0.006635703,0.006229527,0.00499989,0.005281986,0.006890861,0.004774603,0.005245935,0.006336588,0.006047968,0.004518447,0.005535495,0.004481354,0.004227102,0.0049607,0.00641944,0.004309676,0.006092306,0.006342271,0.00633497,0.005670702,0.00578044,0.003940418,0.006400081,0.004384899,0.004943002,0.00724859,0.004389264,0.00603173,0.004434455,0.001612039,0.002357706,0.005167827,0.002486097,0.001641393,0.002556682,0.002317728,0.002516303,0.00231228,0.002826806,0.003843969,0.003103232,0.003714507,0.001562919,0.002208259,0.002951487,0.003986253,0.00271416,0.002388211
191028_5:1,female,4/26/18,22.5,APOE22,N57709,N57710,0.361818,0.002841135,0.002846558,0.001998465,0.002077827,0.002462003,0.002450293,0.003101923,0.002179454,0.001572125,0.001447788,0.001502591,0.001617604,0.001661549,0.00140564,0.001726765,0.001898878,0.002048292,0.001280849,0.00175334,0.001869547,0.001801897,0.001830053,0.001119443,0.001553944,0.00176542,0.00166105,0.001780325,0.001702845,0.00132383,0.001114831,0.001283148,0.00142022,0.001440722,0.001472953,0.001062744,0.001115347,0.001419858,0.001208317,0.001518309,0.00175277,0.002506575,0.001808961,0.00177608,0.001749535,0.001237895,0.001654528,0.00350952,0.003418196,0.002529901,0.004038937,0.002497907,0.001547493,0.001941732,0.001977894,0.002035039,0.001790119,0.002518203,0.001671288,0.002107006,0.002226834,0.00341033,0.002811419,0.002875952,0.002229448,0.002331135,0.00193501,0.003033792,0.002609786,0.00210686,0.002277846,0.003493219,0.00260536,0.002718346,0.002120911,0.002504325,0.003045675,0.003313776,0.00361259,0.002768927,0.002732593,0.002374694,0.002561754,0.003596223,0.002950614,0.003015187,0.003431926,0.002811321,0.00273871,0.003397936,0.002582635,0.002652633,0.003499887,0.002733853,0.002932972,0.003288236,0.003094417,0.002556573,0.003010084,0.002390893,0.002462842,0.002621896,0.004241655,0.002447286,0.002719587,0.004013166,0.003427613,0.001979114,0.002882271,0.003969936,0.004446553,0.00367084,0.002368833,0.0023006,0.002728374,0.003238582,0.002666495,0.003311884,0.005916049,0.00675555,0.006522894,0.004830964,0.005315953,0.00702943,0.00466832,0.005239552,0.00640846,0.005936641,0.00465702,0.00578252,0.004313523,0.003817151,0.005377313,0.006603334,0.004164924,0.006,0.006066481,0.006405777,0.006055961,0.00586243,0.004119847,0.006612278,0.004334772,0.005056615,0.007150632,0.003956499,0.006082863,0.004315511,0.00180587,0.002085071,0.005057724,0.002627282,0.001665907,0.002516129,0.002466985,0.0023299,0.002192025,0.002772735,0.003719183,0.003024307,0.00348637,0.002139214,0.002513085,0.003331191,0.004135857,0.003027455,0.002268261
190715_6:1,male,5/26/18,32.9,APOE22,N57498,N57499,0.3726528,0.002782908,0.002809652,0.001784771,0.001793976,0.002469083,0.002172823,0.002825445,0.001948756,0.001698534,0.001449462,0.001468585,0.001666534,0.00154803,0.001373785,0.001632889,0.001784542,0.001766057,0.001174278,0.001775021,0.001814194,0.001786027,0.001472393,0.001025799,0.001437785,0.001740584,0.001705015,0.001812835,0.001765073,0.001388496,0.001309828,0.001256214,0.00144343,0.001465251,0.001549187,0.001010025,0.001071546,0.00130747,0.001125775,0.001544055,0.001622716,0.002308642,0.001851037,0.00185593,0.001944974,0.001547799,0.001972216,0.003709992,0.003049102,0.002613775,0.003748004,0.002595309,0.001533232,0.001967608,0.002136483,0.002221412,0.002057138,0.002562991,0.002050415,0.001963798,0.002148083,0.003417448,0.002697693,0.003074136,0.002334839,0.002238804,0.002010161,0.002840406,0.002594318,0.002153114,0.002320125,0.003427096,0.002581594,0.002692803,0.002024208,0.002345775,0.00312403,0.003350496,0.003731384,0.002632282,0.002800507,0.002437199,0.002747362,0.003332757,0.002937432,0.003268198,0.003516791,0.003129881,0.002912051,0.003508631,0.002440064,0.0026211,0.003727603,0.003002638,0.003008041,0.00339997,0.003705867,0.002735834,0.002969538,0.002446179,0.002464512,0.002890797,0.004276964,0.002335118,0.002955298,0.00414488,0.003324969,0.002092863,0.002991684,0.003588764,0.004448741,0.003545948,0.002304972,0.002031058,0.003054261,0.003308881,0.002610893,0.003483742,0.005912491,0.006729696,0.006507214,0.004928643,0.00546619,0.006946069,0.004709006,0.005346624,0.006081674,0.006225251,0.004655697,0.005567425,0.004510319,0.004230288,0.005550856,0.006448771,0.00442429,0.006212577,0.006285492,0.006512418,0.005782015,0.005712835,0.003883212,0.006160627,0.004420842,0.00514337,0.007309392,0.004381644,0.006116329,0.004419383,0.001819603,0.002261472,0.005323646,0.002800459,0.001618242,0.002661284,0.002443785,0.002409574,0.002187132,0.002899481,0.003829436,0.003359769,0.003674236,0.001679581,0.002303807,0.002936172,0.003895847,0.002705733,0.002236788
190715_9:1,male,5/26/18,29.3,APOE22,N57502,N57503,0.3799425,0.002943052,0.002960342,0.002096965,0.002234296,0.002486095,0.00206813,0.003247984,0.002093952,0.00168964,0.001675133,0.001662086,0.001860948,0.001795936,0.001341981,0.001649887,0.002060268,0.001912053,0.001255374,0.001740753,0.001917261,0.001789243,0.001601713,0.001208515,0.00163097,0.001779332,0.001794608,0.001830812,0.001728903,0.001299875,0.001140305,0.001094661,0.001424509,0.001691236,0.001807281,0.001137786,0.001094879,0.001504558,0.001392953,0.00172429,0.001781237,0.002229131,0.001834637,0.002211682,0.002450544,0.001597915,0.001867806,0.003755066,0.003387661,0.00267119,0.003822804,0.002612136,0.001494413,0.002082926,0.001880044,0.002507217,0.001597866,0.002562515,0.001827112,0.002124105,0.002316528,0.003326457,0.002811118,0.002750181,0.002303363,0.002230303,0.002017177,0.002683596,0.002870962,0.002197402,0.002273417,0.003431065,0.002566445,0.002770311,0.002184727,0.002654551,0.003093022,0.003267027,0.003619186,0.002820426,0.002712569,0.002280551,0.002525175,0.003559736,0.002932561,0.003185728,0.003348071,0.002850519,0.002697718,0.003523446,0.00243076,0.002665252,0.003483088,0.002881475,0.002841192,0.003346414,0.003157167,0.002751181,0.002962807,0.002515515,0.002402478,0.002806479,0.004118074,0.002319079,0.002862815,0.004191792,0.003099018,0.002182962,0.003277759,0.003837887,0.004291771,0.003241009,0.002588743,0.001951925,0.003231528,0.00324662,0.002766285,0.003298496,0.005927954,0.006593803,0.00654966,0.004994538,0.005247244,0.006978093,0.004719928,0.005149906,0.00612529,0.006080833,0.004567455,0.005436187,0.004600779,0.003800374,0.005251694,0.006468326,0.004330346,0.0062162,0.006295806,0.006220261,0.005546266,0.005853003,0.004099251,0.006578825,0.004231858,0.004826142,0.007121411,0.004377507,0.005877495,0.004278859,0.001862832,0.001954648,0.005139439,0.002426747,0.001574357,0.002482269,0.002395229,0.002469,0.002148399,0.002513445,0.003739752,0.002791118,0.00355948,0.001691326,0.002193016,0.002859881,0.003598331,0.002665528,0.00239388
190715_10:1,male,5/26/18,32.3,APOE22,N57513,N57514,0.3822146,0.002887467,0.002604385,0.002009208,0.002139345,0.002565169,0.002017292,0.003045914,0.002192171,0.001676223,0.001620516,0.001555242,0.001650892,0.001892708,0.001424622,0.001687077,0.002006834,0.001983319,0.001139299,0.001759743,0.001881657,0.001764153,0.00153721,0.001082408,0.001675991,0.001787501,0.001765029,0.001796123,0.001688038,0.001299187,0.001115748,0.001037205,0.001392146,0.001638652,0.001642944,0.001053207,0.001099227,0.001497835,0.001347522,0.001687768,0.001825657,0.002371722,0.001874126,0.001872109,0.002280163,0.001515552,0.001790693,0.003717169,0.003432626,0.002673895,0.003928324,0.002599266,0.00140057,0.001913097,0.001833548,0.002415105,0.001774969,0.002599673,0.001742031,0.002062984,0.002317724,0.003508753,0.002746498,0.002763172,0.002341441,0.002229617,0.002014705,0.00271925,0.002774834,0.002171226,0.002210034,0.00356312,0.002565179,0.002730553,0.002032692,0.002578823,0.003207582,0.003325497,0.003623502,0.002830214,0.002787222,0.002274193,0.0024748,0.00354067,0.002954186,0.003224649,0.00335853,0.003040036,0.002766947,0.003504486,0.002391638,0.002568239,0.003719952,0.002810187,0.00302369,0.003496061,0.00325336,0.002857424,0.0030684,0.002470176,0.002427166,0.002752476,0.004128005,0.002290917,0.002877925,0.004141965,0.003208971,0.002158801,0.003311159,0.003728341,0.004221647,0.003464447,0.002553479,0.002074305,0.002998523,0.003269158,0.002640555,0.003187532,0.005958031,0.006696935,0.006628057,0.005080881,0.005279337,0.007034375,0.004757957,0.005486589,0.006049548,0.006017333,0.004791748,0.005454306,0.00459672,0.003891024,0.005476607,0.006475014,0.004245376,0.006311399,0.00648385,0.006462142,0.005847051,0.005474573,0.00409883,0.006703983,0.004358786,0.004918474,0.007248646,0.00441259,0.006020127,0.004292715,0.001988694,0.002097989,0.004728319,0.00241819,0.001713879,0.002550712,0.002251537,0.002521567,0.002257503,0.0025264,0.003922021,0.003120978,0.003565633,0.001581702,0.002260488,0.002950218,0.003770904,0.002696483,0.002320813
190715_5:1,male,5/26/18,32,APOE22,N57552,N57553,0.3890581,0.00281461,0.002659358,0.001839811,0.001894499,0.002557772,0.002153365,0.002868872,0.001974617,0.001746798,0.001380938,0.001421602,0.001574865,0.001550931,0.001444333,0.001582355,0.00192712,0.001668376,0.00111536,0.001724937,0.001841028,0.001837184,0.001467023,0.001064484,0.001492292,0.001736149,0.001737777,0.001814692,0.001758162,0.001370657,0.001219702,0.0011007,0.001526023,0.001574667,0.001490689,0.000977445,0.001108479,0.001380267,0.001137557,0.001511409,0.001572745,0.002190056,0.001733791,0.002019291,0.002019091,0.001568575,0.001944323,0.003685078,0.003244733,0.002627975,0.003905234,0.002545277,0.001414622,0.002018572,0.00210622,0.00222294,0.002112813,0.002514359,0.001808335,0.00192439,0.002145499,0.003459078,0.002655129,0.002878776,0.002303596,0.002228541,0.001962019,0.002733694,0.002593327,0.002201851,0.002396921,0.003518758,0.002575237,0.002691848,0.002028784,0.002466402,0.003086418,0.003383889,0.003643621,0.002695884,0.002857876,0.002432335,0.002760647,0.003420884,0.002961865,0.003313924,0.003631242,0.003230373,0.002982728,0.003466539,0.002490966,0.002715568,0.003613275,0.00307332,0.003006013,0.003429241,0.00326291,0.002816943,0.00320363,0.002369708,0.002454054,0.003021064,0.004238003,0.002462003,0.002900387,0.004210193,0.00336635,0.002155631,0.003224452,0.004011014,0.004297201,0.00349247,0.002384111,0.002138897,0.002828537,0.003275585,0.002564901,0.00322296,0.005901331,0.006818558,0.006551464,0.004926292,0.005316037,0.007155424,0.004403323,0.00498734,0.006441331,0.006155205,0.005068082,0.005523558,0.004310388,0.003811138,0.005574243,0.00648408,0.004525212,0.006230687,0.006324289,0.006711116,0.006020357,0.005269343,0.003841039,0.006521378,0.004346211,0.005085284,0.007477478,0.004151986,0.006154257,0.004443617,0.001885614,0.002155337,0.004935704,0.002388317,0.001761752,0.002791052,0.002466507,0.002480555,0.002199126,0.00275315,0.003886207,0.003200393,0.003682771,0.001816405,0.002394944,0.002934167,0.00372201,0.002489773,0.002228776
191028_7:1,male,4/26/18,28,APOE22,N57692,N57693,0.3871263,0.002852819,0.002563741,0.001824134,0.001828802,0.002510026,0.002356787,0.002727212,0.001923035,0.001919436,0.001414915,0.001702477,0.001646002,0.001486447,0.001211593,0.00156599,0.001708188,0.001570512,0.000989369,0.001596115,0.001764665,0.002015369,0.001300347,0.000948726,0.001582342,0.001831469,0.001845988,0.001818085,0.001853086,0.00138238,0.001264793,0.001232663,0.00149164,0.001454672,0.001406068,0.001001526,0.001074366,0.001333565,0.001080723,0.001245506,0.001530942,0.002185275,0.001782268,0.001856536,0.001894114,0.001452135,0.001900965,0.003759862,0.003031872,0.002575169,0.003751487,0.002555938,0.001558472,0.001670707,0.00229086,0.002106495,0.002200008,0.002544404,0.001950392,0.001879882,0.002127678,0.003228364,0.002638353,0.002739138,0.002179632,0.002071053,0.001940011,0.002707245,0.002380671,0.002123006,0.002480874,0.003402708,0.002538214,0.00260275,0.002011363,0.002319074,0.003064119,0.003176512,0.003592841,0.002437952,0.002706022,0.002567153,0.002874457,0.003306785,0.002920956,0.003254281,0.003583449,0.003193172,0.002883178,0.003644301,0.002685798,0.002744162,0.003553191,0.002936766,0.003012743,0.003435877,0.00341169,0.002600475,0.003165191,0.002333549,0.002574381,0.002848434,0.004151636,0.002538339,0.002823614,0.003929364,0.003349862,0.002045906,0.002665565,0.00378505,0.004483443,0.003338138,0.002291533,0.002211472,0.003185971,0.003338629,0.002602679,0.003239742,0.005834733,0.006660907,0.006566176,0.004908519,0.005331332,0.007025856,0.004489732,0.005135938,0.005939516,0.006143989,0.004476371,0.005625251,0.004076207,0.004405655,0.005525054,0.006481006,0.004688299,0.006168119,0.006704046,0.006454281,0.006127907,0.00573698,0.003814349,0.006278833,0.004244407,0.005016707,0.007201582,0.004205066,0.006011006,0.004325537,0.001788268,0.002462021,0.005343607,0.002642084,0.0016643,0.002750903,0.002798718,0.002336058,0.002192497,0.002916804,0.003642314,0.003097351,0.003509841,0.002649772,0.002335092,0.002897399,0.003698631,0.002697322,0.002078292
191028_6:1,male,4/26/18,30.3,APOE22,N57700,N57701,0.3753401,0.002652704,0.00238501,0.001732348,0.001804469,0.00241182,0.001904898,0.002766834,0.00198191,0.001580219,0.001378118,0.001426847,0.001518978,0.001566177,0.00132066,0.001545168,0.001770453,0.001831145,0.000944833,0.001607597,0.001769743,0.001683248,0.001376855,0.001056445,0.001507715,0.001765362,0.001721226,0.001705255,0.001621579,0.001281675,0.001127166,0.00113896,0.00135345,0.001307366,0.001403884,0.001006036,0.001224515,0.001337063,0.001156773,0.001261259,0.001411985,0.002269942,0.001770479,0.001625238,0.001471983,0.00157859,0.001893491,0.003573848,0.003042347,0.002362625,0.00384287,0.002457131,0.001486535,0.001659271,0.002162256,0.001718679,0.002116562,0.002507873,0.001819557,0.001999083,0.002410583,0.003202522,0.002739437,0.003553014,0.002530549,0.00196084,0.002276389,0.003122473,0.002387798,0.002339696,0.002214411,0.003389795,0.002562799,0.002540813,0.001937124,0.002327927,0.003112148,0.003188946,0.003816438,0.002312482,0.002864575,0.002392125,0.002963191,0.003305774,0.002835866,0.003226239,0.003635016,0.003519945,0.003234547,0.003599666,0.002570709,0.00274802,0.003508198,0.003015828,0.003415259,0.003527029,0.00371177,0.002703353,0.003388077,0.002645705,0.002494212,0.002994907,0.004655579,0.002673534,0.002960997,0.003990562,0.003632102,0.002236028,0.002519958,0.003910321,0.004268479,0.003192824,0.002435104,0.002231775,0.003445106,0.003502303,0.002940518,0.003641655,0.005761452,0.006752908,0.006427922,0.004653509,0.005827405,0.006975885,0.004441305,0.005211245,0.005828791,0.006337555,0.004837418,0.005795482,0.004512689,0.003956458,0.005597729,0.006266767,0.005158604,0.006254454,0.006312495,0.006458829,0.005961187,0.005346557,0.004032902,0.006177942,0.004117042,0.005371619,0.007378772,0.003862889,0.006173198,0.004315776,0.001856823,0.002230203,0.005294182,0.002399453,0.001752625,0.002898137,0.001872286,0.002321668,0.002044173,0.002911989,0.003363841,0.003659917,0.003844926,0.001765696,0.002677523,0.002937231,0.004019633,0.003349998,0.001884668
190909_11:1,female,4/26/18,36.2,APOE33,N57582,N57583,0.334157,0.002928291,0.002484136,0.001916617,0.001855687,0.002487723,0.002044758,0.002723793,0.001921863,0.001805917,0.001416117,0.001450724,0.001673672,0.001427412,0.001165093,0.001524679,0.001660042,0.001672046,0.001083152,0.001624681,0.001766507,0.001839704,0.00132893,0.001148681,0.001578854,0.001855641,0.001787487,0.001786542,0.001736279,0.001279501,0.001393503,0.001309127,0.001393941,0.001453825,0.00143244,0.001122071,0.001154332,0.001439092,0.001147193,0.001463549,0.001556476,0.002313899,0.001719816,0.001704454,0.001916306,0.001313403,0.001638754,0.003833956,0.002919784,0.00225453,0.003739662,0.002532246,0.001429465,0.001617694,0.002209131,0.001897653,0.002118739,0.002468063,0.001639251,0.001884606,0.002079691,0.003491307,0.002665186,0.00267981,0.002178525,0.002060845,0.001930319,0.002673357,0.002557031,0.002133984,0.00245882,0.003667616,0.002632574,0.002764991,0.002137524,0.002369183,0.003135693,0.003332667,0.003658816,0.0023996,0.002675114,0.002486481,0.002641805,0.003383112,0.002771886,0.003199195,0.003369626,0.002991509,0.002925005,0.003523419,0.00235534,0.002635814,0.003745773,0.003044478,0.003177399,0.003436606,0.003232359,0.002601981,0.003124259,0.002423393,0.002534247,0.002752586,0.00404405,0.002323219,0.002835947,0.004016789,0.003304162,0.002069731,0.002925871,0.003798762,0.004422664,0.003619226,0.002464217,0.002214637,0.002988373,0.003329757,0.002776452,0.003190835,0.005891042,0.006645006,0.006498936,0.005040337,0.005063727,0.007041053,0.004614717,0.005268667,0.006419769,0.006080836,0.004674686,0.005794595,0.004411601,0.004220187,0.005513741,0.006576967,0.00436207,0.006180244,0.006394043,0.006409826,0.005752253,0.005896146,0.004132537,0.006591551,0.004573787,0.005151553,0.00730101,0.004209019,0.006124034,0.004376112,0.001666918,0.002454333,0.004752519,0.002448041,0.001531341,0.002656722,0.002752641,0.002379383,0.002380692,0.002901423,0.003599128,0.002978393,0.003558429,0.001680902,0.00241497,0.00301709,0.003915549,0.002941564,0.002069237
190909_12:1,female,4/26/18,30.4,APOE33,N57584,N57585,0.3332645,0.00317978,0.002764364,0.001906047,0.001850578,0.002685986,0.002230627,0.00286013,0.001969191,0.001868579,0.001455634,0.001346924,0.00170118,0.001579637,0.001258216,0.001575927,0.001811745,0.001776312,0.001097766,0.001594027,0.001773991,0.001809674,0.001327381,0.001088823,0.001623086,0.001998086,0.001804911,0.00190882,0.001882891,0.001485885,0.001283146,0.001180281,0.001510269,0.001524294,0.001371726,0.000992211,0.001223572,0.001482492,0.001086151,0.001444655,0.00154005,0.002328189,0.001733904,0.001994601,0.002110303,0.001433552,0.001777601,0.004088532,0.003125999,0.002512156,0.003869211,0.002565043,0.001471543,0.001611402,0.002262071,0.001959225,0.002120101,0.00251774,0.001680611,0.001909339,0.002310174,0.003485714,0.002772683,0.002769898,0.002327759,0.002180117,0.002024813,0.002782958,0.002683738,0.002120569,0.002624703,0.003509422,0.002614917,0.002776104,0.0022321,0.002569618,0.00307403,0.003395016,0.003580115,0.002534393,0.002812732,0.002650939,0.002613392,0.003580923,0.002828156,0.003247817,0.003509003,0.002970074,0.002950565,0.003475148,0.002334914,0.00249015,0.003560323,0.002910829,0.003041568,0.003312753,0.003429977,0.002609704,0.003000453,0.002384353,0.002278412,0.002799164,0.004161385,0.002248713,0.002788016,0.003949653,0.00337212,0.001976909,0.00275437,0.003863179,0.004109393,0.003457781,0.002415564,0.001998979,0.002927872,0.003109262,0.002592239,0.002878099,0.006004672,0.006599824,0.006720952,0.00506858,0.005308323,0.007177982,0.004560273,0.005429902,0.006453445,0.005993449,0.004650254,0.00566754,0.004398603,0.00435258,0.005330171,0.006520966,0.004402685,0.006160869,0.006272073,0.006384892,0.005916524,0.006310623,0.004030744,0.006475806,0.004440021,0.005234966,0.007299092,0.004117855,0.006072998,0.004255528,0.001936325,0.002463278,0.004158954,0.002638107,0.00159141,0.002806899,0.0027395,0.002575972,0.002325809,0.002921089,0.003618944,0.002971792,0.003693791,0.001866305,0.002318424,0.003076899,0.003963997,0.002728449,0.002289282
190909_14:1,female,4/26/18,28.1,APOE33,N57590,N57591,0.3784018,0.003118599,0.002994701,0.002193526,0.002141559,0.002333011,0.002250561,0.00346008,0.002158626,0.001817798,0.00164894,0.001535249,0.001773322,0.001544534,0.001503169,0.001744975,0.001813239,0.00189211,0.000991622,0.001937538,0.002132209,0.001912156,0.001588969,0.000930141,0.001485764,0.001967025,0.001910812,0.001956056,0.001892324,0.001387839,0.001140616,0.001027555,0.001691337,0.001629886,0.001770175,0.000895036,0.001054426,0.001459065,0.001357682,0.001698076,0.001807985,0.002422936,0.00197704,0.002294488,0.002451285,0.001602655,0.002099151,0.003068273,0.003242294,0.003092817,0.003970425,0.002635473,0.001443372,0.002123934,0.001917227,0.002688584,0.001658038,0.002475923,0.002662544,0.001778516,0.001802664,0.003594295,0.002406099,0.003040205,0.002496321,0.002095095,0.001654495,0.002331257,0.002227366,0.002156527,0.002119202,0.00304711,0.002261571,0.002668257,0.001597881,0.002229711,0.003183924,0.003176376,0.003649708,0.002425215,0.002646917,0.002485493,0.002756247,0.003276948,0.002796449,0.002896142,0.003123066,0.002708459,0.002749078,0.00333905,0.001985827,0.002862464,0.00405909,0.002654934,0.00299869,0.003539627,0.003135705,0.002353026,0.002914161,0.002588383,0.002266907,0.002360119,0.004760765,0.0026273,0.002690091,0.003871319,0.00328424,0.002029912,0.002773101,0.0042757,0.003728447,0.003348732,0.002593221,0.002306466,0.002973475,0.003347263,0.002721207,0.003410253,0.005760572,0.00652243,0.006825928,0.005023921,0.005145633,0.007252617,0.005367375,0.005395461,0.005764796,0.006418696,0.004155442,0.005502849,0.004261099,0.004209756,0.005010612,0.006692483,0.004274259,0.00675036,0.00675412,0.007093092,0.005944679,0.005042057,0.004003265,0.006403674,0.00459402,0.005029928,0.007516476,0.004418942,0.006501238,0.004294839,0.003735489,0.002279455,0.005224147,0.002619103,0.003133371,0.002404726,0.002456636,0.00220574,0.002159794,0.002224794,0.003563153,0.002936157,0.003225842,0.001821342,0.002559144,0.00266874,0.003951414,0.002397912,0.002309927
190715_1:1,male,4/26/18,32.7,APOE33,N57546,N57547,0.3493043,0.0028321,0.002758163,0.00190301,0.002080587,0.00265417,0.002221694,0.003057873,0.002156228,0.001710938,0.001506471,0.001611749,0.001653983,0.001567456,0.001331923,0.001569796,0.001744195,0.001636429,0.001201779,0.001642415,0.001830118,0.001751509,0.001574995,0.001155287,0.001658943,0.001872551,0.001803775,0.001809869,0.00162618,0.001287435,0.001165023,0.001068006,0.001397247,0.001591394,0.001594008,0.001076298,0.001197739,0.001547491,0.001350286,0.001586893,0.001880225,0.002140186,0.001829119,0.001892919,0.002291426,0.001421307,0.001692207,0.003501815,0.003243889,0.002255162,0.003959748,0.002543382,0.001420224,0.001916559,0.002015961,0.002369152,0.001933398,0.002455052,0.001891212,0.001971363,0.002104221,0.003253593,0.002679686,0.00264602,0.002192366,0.002142054,0.001907325,0.002532429,0.002578008,0.002212068,0.002420082,0.003497688,0.002612585,0.002847192,0.002107495,0.002800413,0.003197051,0.003281675,0.003585814,0.002670327,0.002901675,0.002454663,0.002630898,0.003445181,0.002982124,0.003319211,0.003668322,0.003215165,0.002903659,0.003437208,0.002592501,0.002611765,0.003666379,0.003083685,0.003229617,0.003627513,0.003380135,0.003008777,0.003393878,0.002475474,0.002621962,0.003340037,0.004434631,0.002634619,0.002884677,0.004233533,0.003412975,0.00226476,0.003318195,0.003986653,0.004055472,0.003226258,0.002354486,0.00208205,0.003048507,0.003563872,0.002692468,0.003188238,0.005886019,0.006450587,0.006454443,0.004869678,0.005119167,0.006866743,0.004825731,0.004776989,0.006041419,0.005998623,0.004857672,0.005561001,0.004394365,0.003966139,0.005213874,0.006302503,0.004611361,0.005695171,0.006182527,0.006390421,0.005749601,0.005376276,0.00351065,0.005457652,0.004283451,0.005138174,0.007164206,0.004276571,0.005689636,0.004328473,0.001895987,0.002048857,0.005350195,0.002337515,0.001739609,0.002705835,0.002612038,0.002555996,0.002177524,0.002709958,0.003558554,0.003059041,0.00371164,0.001821387,0.002566646,0.002898274,0.003804378,0.002810947,0.00216846
190715_2:1,male,4/26/18,36.9,APOE33,N57548,N57549,0.3748723,0.003012965,0.002804349,0.002143439,0.00206266,0.002437558,0.002243808,0.003104188,0.002159808,0.00180538,0.001384766,0.001414427,0.001595075,0.001618115,0.001417031,0.001759268,0.001931016,0.001875193,0.001173371,0.001792592,0.001967031,0.001871937,0.001672854,0.001132424,0.001387685,0.001715929,0.00178412,0.001819596,0.00162147,0.001306712,0.001130167,0.001121018,0.001368731,0.00160602,0.001622816,0.000953591,0.001096382,0.00147312,0.001261447,0.001603839,0.001812547,0.002350772,0.001907707,0.001996483,0.002270259,0.00161126,0.001877585,0.003624926,0.00337588,0.002783342,0.004002582,0.002589635,0.001473548,0.002041448,0.001946066,0.002439101,0.001601983,0.002569762,0.001927367,0.002106268,0.002218974,0.003519886,0.002740819,0.002872197,0.002353429,0.002261934,0.001988556,0.002679525,0.002824938,0.00216797,0.00213153,0.00350405,0.002599554,0.002835923,0.00208681,0.002623184,0.003192456,0.00328131,0.00365815,0.002739521,0.00273503,0.002305611,0.002589586,0.003434619,0.002840127,0.00316352,0.003560366,0.003158505,0.002879297,0.003372908,0.002414345,0.002620106,0.003612221,0.002833432,0.003032047,0.003499298,0.003119986,0.002889483,0.003223372,0.002420034,0.00251597,0.002845208,0.004167165,0.002283405,0.002758645,0.004215137,0.003296987,0.002158499,0.003151559,0.003686103,0.004183674,0.003415856,0.002426198,0.002094039,0.002877523,0.003224704,0.002686889,0.003106419,0.006085838,0.006712821,0.006308979,0.004893263,0.005313839,0.006980267,0.004934345,0.005370984,0.006373755,0.006146292,0.005216304,0.005512495,0.004585595,0.003770303,0.005089351,0.006574157,0.004185658,0.006240701,0.006382182,0.006590634,0.006075953,0.005349085,0.004092538,0.006683983,0.004429474,0.005004555,0.007055054,0.004175303,0.006139648,0.004469068,0.0016612,0.002008477,0.005371906,0.002582371,0.001571274,0.002538268,0.002510493,0.002584859,0.002139693,0.002576875,0.003739466,0.002874385,0.003436063,0.001724706,0.002335825,0.002987619,0.003704633,0.002796113,0.002277436
190715_3:1,male,4/26/18,32.4,APOE33,N57550,N57551,0.3709755,0.00301224,0.002718988,0.002024126,0.001962849,0.002409531,0.00203743,0.002934259,0.001978237,0.001698209,0.001435164,0.001424738,0.001595831,0.001765102,0.001420486,0.00170682,0.001975115,0.001969826,0.001065468,0.001817299,0.001898745,0.001667751,0.001537551,0.001199017,0.001403648,0.001899545,0.001873344,0.001880264,0.001786404,0.001355838,0.001274085,0.001101003,0.001427141,0.001546209,0.001558748,0.001039754,0.001126158,0.001557536,0.001200486,0.001645284,0.001663409,0.00224359,0.001761906,0.002080954,0.002245892,0.001438187,0.001874685,0.004031265,0.003092293,0.002585847,0.00403246,0.002573077,0.00151278,0.001862342,0.001840618,0.002187701,0.00196286,0.00262282,0.00185937,0.002019662,0.00225379,0.003545703,0.00289427,0.002831307,0.002296922,0.002205851,0.002037701,0.002900862,0.002615876,0.002177335,0.002277962,0.003449737,0.002623116,0.002738588,0.002002692,0.002683349,0.003078666,0.003248476,0.003675496,0.002764644,0.002740013,0.002368783,0.002771387,0.003510434,0.002863177,0.003223914,0.00345602,0.003079248,0.002852321,0.003545053,0.002569731,0.002615868,0.003598815,0.002938365,0.002955387,0.003379159,0.003485983,0.002635767,0.003049903,0.002416117,0.002425651,0.002872722,0.004341797,0.002418553,0.002813768,0.004054236,0.003448106,0.002038594,0.002910884,0.004038536,0.004257716,0.003470254,0.00233722,0.002154157,0.002966288,0.003294199,0.002622369,0.00311164,0.006016403,0.006863605,0.006552645,0.004971836,0.005324618,0.007319061,0.004496312,0.005021815,0.006443836,0.00621087,0.004683025,0.005515432,0.004662676,0.00376648,0.005142465,0.00657876,0.004564397,0.006184276,0.006326712,0.006464606,0.006040823,0.005975062,0.004011308,0.006742102,0.004200629,0.0051281,0.007450704,0.003994431,0.006165622,0.004523668,0.002048557,0.002161872,0.00513351,0.002328226,0.001667956,0.002693927,0.002367613,0.002606886,0.002321526,0.002729999,0.003592818,0.002852109,0.003602216,0.001614691,0.002489287,0.002847856,0.003813975,0.003030653,0.002314198
190909_10:1,male,4/26/18,36.4,APOE33,N57580,N57581,0.3833534,0.002768021,0.002469268,0.001809774,0.001835938,0.002588616,0.001855332,0.002899848,0.001937935,0.001749387,0.00126892,0.001352061,0.001425448,0.001446268,0.00114881,0.001463032,0.001507202,0.001564477,0.000889243,0.001499515,0.001664175,0.001813686,0.001246442,0.000942212,0.001605928,0.001874346,0.001742802,0.001786481,0.001627264,0.001220529,0.001203166,0.001090614,0.001349763,0.001409488,0.001352355,0.001026677,0.001156863,0.001424685,0.001062661,0.001316613,0.001576462,0.002016396,0.001866079,0.001980249,0.002078712,0.001694505,0.002066521,0.003646074,0.002596813,0.002591337,0.003256841,0.002565912,0.001513617,0.001826793,0.002194162,0.002279396,0.002042149,0.00239248,0.001871558,0.001955356,0.002022744,0.00340904,0.002552178,0.002800864,0.002212272,0.002005607,0.00184998,0.002577001,0.002182185,0.002142521,0.002257754,0.003511463,0.002548923,0.002827795,0.001960081,0.002310917,0.003011971,0.003236884,0.00376366,0.002495786,0.002871514,0.002474516,0.002901876,0.003523977,0.003003316,0.00331833,0.003633973,0.003348432,0.003020191,0.003530631,0.002429643,0.002706075,0.003807855,0.003050435,0.003199145,0.003403114,0.003592259,0.002756199,0.003280215,0.002450672,0.002477673,0.003094636,0.004062829,0.002509614,0.002936035,0.004262216,0.003472187,0.002112678,0.00246782,0.004083077,0.004237187,0.003356182,0.002327006,0.00206422,0.002955022,0.003350893,0.002625341,0.003273489,0.005872097,0.006838232,0.006536327,0.004877334,0.005388888,0.006916409,0.00484016,0.005585655,0.006038794,0.006214643,0.004734174,0.005888652,0.004477098,0.003987019,0.005646728,0.006593175,0.004917181,0.006363518,0.006355504,0.006573323,0.005857022,0.005597822,0.004097254,0.006593256,0.004534515,0.005290499,0.007454602,0.00419205,0.006109955,0.004490526,0.001835995,0.002295992,0.005428687,0.002280474,0.001569802,0.002803477,0.002391925,0.002348211,0.00207819,0.002892721,0.003565756,0.003436998,0.003787224,0.001920579,0.002418751,0.002931577,0.004025935,0.003074027,0.001868406
190909_13:1,male,4/26/18,34,APOE33,N57587,N57588,0.3794337,0.002783563,0.002515906,0.001927594,0.001953254,0.002547466,0.002027718,0.002785277,0.0020028,0.001671082,0.001442304,0.001487489,0.001585913,0.001476362,0.001175198,0.001416415,0.001689974,0.001578584,0.001105054,0.001506989,0.001719619,0.001624086,0.001466431,0.001109366,0.001438384,0.001862152,0.001853522,0.001835987,0.001679301,0.001316835,0.001187445,0.001144884,0.001429386,0.001530886,0.001434492,0.001170975,0.001138142,0.001421193,0.001139186,0.00147171,0.001538868,0.001999001,0.001766192,0.001824216,0.001944878,0.00152977,0.001824812,0.003744023,0.002699374,0.002486621,0.003427565,0.002618565,0.001416742,0.001659908,0.001909657,0.002062286,0.00193695,0.002447748,0.002230213,0.001975563,0.002017912,0.003478685,0.0026105,0.002887335,0.002253263,0.002065562,0.001870851,0.002651665,0.002355866,0.002156028,0.002204732,0.003481014,0.002510458,0.002728101,0.001899793,0.002418915,0.00295494,0.003261742,0.003686592,0.002569478,0.002771718,0.00240064,0.002816657,0.003426863,0.002944584,0.003228848,0.003535434,0.0031774,0.002918332,0.003494691,0.002351607,0.002638472,0.003621966,0.002984602,0.003128795,0.003496313,0.003361383,0.002611025,0.0030005,0.002427601,0.002507996,0.002888856,0.003891641,0.002250785,0.002919211,0.00409158,0.003265678,0.002066682,0.002684893,0.003857947,0.004311193,0.003556487,0.00240135,0.002027727,0.003117128,0.003379389,0.002609819,0.003627587,0.006135909,0.007038984,0.00658177,0.005039348,0.005426972,0.007000149,0.004686624,0.005387656,0.006416462,0.00631461,0.004666638,0.005786405,0.004526597,0.003978315,0.005654866,0.00675998,0.00460926,0.006495024,0.006602849,0.006653446,0.006049814,0.005880968,0.004081722,0.006702882,0.004509263,0.005220469,0.007560646,0.004199925,0.006135665,0.004517812,0.001884585,0.002100494,0.005444375,0.002418751,0.001697778,0.002607485,0.002263968,0.002175768,0.002183216,0.002813627,0.003716312,0.003231931,0.003495123,0.001784993,0.002398693,0.00285503,0.003810851,0.002984788,0.002076009
190610_6:1,female,4/3/18,25.6,APOE44,N57442,N57443,0.3886894,0.002677966,0.002602425,0.001832315,0.00186602,0.002395132,0.002046872,0.002992784,0.002030225,0.001547937,0.001426937,0.001381728,0.001468272,0.001552871,0.001418741,0.001548442,0.001648618,0.001707814,0.00089577,0.001702124,0.001853841,0.001660142,0.001428817,0.000907797,0.001391546,0.001709468,0.001725421,0.001759554,0.001573851,0.001405423,0.001127785,0.001005918,0.001423903,0.001504794,0.001482498,0.000987402,0.001121531,0.001332298,0.00111804,0.001354734,0.001452458,0.002075777,0.001824206,0.001917647,0.002190557,0.001411045,0.00158524,0.002891274,0.002803695,0.002555569,0.003305956,0.002471646,0.00131747,0.001911685,0.001814505,0.002273974,0.001655067,0.002382649,0.001702751,0.002087545,0.002031108,0.00355305,0.002585873,0.002809676,0.002167335,0.002127698,0.001740808,0.002557275,0.002354487,0.002103264,0.002120845,0.003518393,0.002532408,0.002766685,0.002048234,0.002292534,0.003121901,0.003311585,0.003620113,0.002527792,0.002849711,0.002279691,0.002615024,0.003620865,0.003061407,0.003074378,0.003578287,0.00301324,0.002623858,0.003543414,0.002765775,0.002653422,0.003911795,0.002919173,0.003032599,0.003589497,0.003331692,0.002686874,0.003088009,0.002442959,0.002518638,0.002797178,0.004081631,0.002375945,0.00295584,0.004409799,0.003158493,0.00219155,0.003030485,0.003902556,0.004536215,0.003556261,0.002407219,0.002062545,0.002911177,0.003354239,0.002616879,0.003374985,0.005770203,0.007087825,0.00673916,0.004548328,0.00505551,0.006795821,0.004644661,0.005623098,0.00588316,0.006033745,0.004506581,0.005791122,0.004430061,0.003798162,0.005337441,0.006755837,0.004229458,0.006343779,0.006800978,0.006801849,0.005644287,0.006600866,0.003984714,0.006428106,0.004819444,0.005132204,0.007575059,0.004387788,0.00634123,0.004472682,0.002313143,0.00172751,0.005720558,0.002411572,0.002172022,0.002328707,0.002310963,0.002400323,0.002378667,0.002580122,0.003905868,0.003270488,0.003445125,0.00184998,0.002352418,0.003017135,0.004025251,0.002888572,0.001964607
190610_7:1,female,4/3/18,28.7,APOE44,N57447,N57448,0.360206,0.00290826,0.002772938,0.002057887,0.002061341,0.002609282,0.002204177,0.003146181,0.002171922,0.001711462,0.001593899,0.001489909,0.001653769,0.001662028,0.00148906,0.001650897,0.002012784,0.001978154,0.001010137,0.001712613,0.001900984,0.001800423,0.001740104,0.000951444,0.001462175,0.001819995,0.001834129,0.001837011,0.00165968,0.001397732,0.001227319,0.001051645,0.001414259,0.001588122,0.001626331,0.001116987,0.00115044,0.001594446,0.001361529,0.001666722,0.001878646,0.002388766,0.001908335,0.002102627,0.002333355,0.001577788,0.001889818,0.003702024,0.003307837,0.002649074,0.003927952,0.002555745,0.001422862,0.001903899,0.001990968,0.002374578,0.001717478,0.00251922,0.001783888,0.002033878,0.002347253,0.003415931,0.002803119,0.002848803,0.002238789,0.002325337,0.002015997,0.00271074,0.003005393,0.002192437,0.002286051,0.003384507,0.002585636,0.002715689,0.002283553,0.002595213,0.00311776,0.003354938,0.003539934,0.002657731,0.002766197,0.002278854,0.002467734,0.003537263,0.003030879,0.003192593,0.003506854,0.003001954,0.002668562,0.003529852,0.002466866,0.002593471,0.003618871,0.002786093,0.002978511,0.003492295,0.003241728,0.002888959,0.003086276,0.002430289,0.002410334,0.002914797,0.003906961,0.002178954,0.002797496,0.00413476,0.003120918,0.002174914,0.003493709,0.003595075,0.004257709,0.003445226,0.002492187,0.002005732,0.002976311,0.00324442,0.002664707,0.002930903,0.005947792,0.006650496,0.006518966,0.004968412,0.004933387,0.006885938,0.004707939,0.005377328,0.006260408,0.005924783,0.004834351,0.005504782,0.004580028,0.003924499,0.005262829,0.006379479,0.004176907,0.006107883,0.006425464,0.006158029,0.005615213,0.006353523,0.00398261,0.006171617,0.004345242,0.004935943,0.007167302,0.004407487,0.006016115,0.00437256,0.001825058,0.001976905,0.005010459,0.002381228,0.001762904,0.002425667,0.00248578,0.002752174,0.002304391,0.002602547,0.00402739,0.002833507,0.003521189,0.001722121,0.00223954,0.003052328,0.003843424,0.002579733,0.002320703
190610_8:1,female,4/3/18,25.7,APOE44,N57451,N57517,0.3500358,0.002820417,0.002787643,0.002004148,0.002115789,0.002543666,0.002393943,0.003010302,0.002287925,0.001715516,0.001477942,0.001505955,0.001758495,0.001803629,0.001418365,0.00165165,0.001974576,0.001957494,0.001097262,0.001672644,0.001908878,0.001862909,0.001642618,0.001029961,0.001581178,0.001895775,0.001784574,0.00186993,0.001724977,0.001391308,0.001208208,0.001119248,0.001426676,0.001602719,0.001629331,0.001062146,0.001231693,0.001560452,0.00133768,0.001558687,0.001802765,0.00234789,0.001843934,0.001866017,0.00213261,0.001403866,0.001710038,0.003991071,0.003312921,0.002381452,0.003962029,0.002526702,0.001448702,0.001948419,0.002100055,0.002217408,0.001898724,0.002525168,0.001672993,0.001924708,0.002250918,0.003394879,0.002845113,0.002825133,0.002248016,0.002222088,0.001974486,0.002821043,0.002616985,0.002227647,0.002469206,0.003609702,0.002592002,0.00266284,0.002241197,0.002757856,0.003159967,0.003347509,0.003627357,0.002774132,0.002806029,0.002439823,0.002634724,0.003572273,0.002884675,0.00327703,0.003576898,0.003079249,0.002817975,0.00344326,0.002639785,0.002621848,0.003599733,0.003024511,0.002936661,0.003504663,0.003168001,0.0027777,0.003015199,0.002400251,0.002373516,0.002836536,0.004267366,0.002278838,0.002751266,0.004073895,0.003177214,0.00213405,0.0034549,0.003863826,0.004258026,0.003334899,0.002291136,0.001945778,0.002809897,0.003249095,0.002472077,0.003134924,0.00597993,0.00670086,0.00670932,0.004993698,0.005459243,0.007279507,0.004640084,0.005240479,0.006641994,0.005959631,0.00480438,0.005783252,0.004276811,0.003837782,0.005493426,0.006499664,0.004348013,0.006125684,0.006259595,0.006289202,0.005825212,0.005924679,0.00373228,0.006081546,0.004323816,0.004914521,0.007181157,0.004146423,0.005911051,0.004406593,0.002179884,0.002187291,0.005230182,0.002460412,0.001632205,0.002637603,0.002547723,0.002644816,0.002365237,0.002806818,0.003692996,0.003126373,0.003698756,0.001769,0.002168229,0.003014392,0.003903705,0.003132138,0.002282682
190610_9:1,female,4/3/18,24.6,APOE44,N57518,N57519,0.3706115,0.002867345,0.002802948,0.001997815,0.00205815,0.002579975,0.00224119,0.002939829,0.002119405,0.001626205,0.001533598,0.001523064,0.001833703,0.001670576,0.001442338,0.001540207,0.00187614,0.001847451,0.000925142,0.001696557,0.001877826,0.001682289,0.00154395,0.00111076,0.001680197,0.001848328,0.001790185,0.001866599,0.001713292,0.001410097,0.001290331,0.001169431,0.001496303,0.001606965,0.001647415,0.001124192,0.001173024,0.001436849,0.001221192,0.001389776,0.001714909,0.00223362,0.00180111,0.001852639,0.001967153,0.001441369,0.001829686,0.003534768,0.003289885,0.002440454,0.003968257,0.002490816,0.0015121,0.001889684,0.001938913,0.0021929,0.001825385,0.002472644,0.001625433,0.00192885,0.002126661,0.003577192,0.002765047,0.002754507,0.002181281,0.002157857,0.001950005,0.002673702,0.002648841,0.002177058,0.002318062,0.003565399,0.002551925,0.002700878,0.002182319,0.002551965,0.003122438,0.003400069,0.003632136,0.002765359,0.002796997,0.002346082,0.002665292,0.003651071,0.002919823,0.003198016,0.003495632,0.003033138,0.002673396,0.003420811,0.002524267,0.002622383,0.003707236,0.002917917,0.002781527,0.003436089,0.003202177,0.002771827,0.003164562,0.002411415,0.002436624,0.00305071,0.003969805,0.002304531,0.002856079,0.004132747,0.003290461,0.002170442,0.003249604,0.003576966,0.004356554,0.003464377,0.002297365,0.001931267,0.002702492,0.003350654,0.002446183,0.003049915,0.005976078,0.006889982,0.006938101,0.005031167,0.005260527,0.007288838,0.004608085,0.005158263,0.006455819,0.006016715,0.004558379,0.005752766,0.00423766,0.00392871,0.005275261,0.006658902,0.004388699,0.006193413,0.006316702,0.006748492,0.005825904,0.006106568,0.003962302,0.006460407,0.004607616,0.005107712,0.007311033,0.004161881,0.006217708,0.004427697,0.002306007,0.001905351,0.005542713,0.002306634,0.00194917,0.002448292,0.002443335,0.002600824,0.002314932,0.002789878,0.003725971,0.003120293,0.00360709,0.001895262,0.002300947,0.003144337,0.00401561,0.003003451,0.002108374
190610_10:1,female,4/3/18,29.6,APOE44,N57522,N57523,0.3576545,0.002823043,0.00279764,0.002035652,0.001968814,0.002317514,0.002194485,0.002992446,0.002171832,0.001678029,0.001534131,0.001552044,0.001645305,0.001701916,0.00160419,0.001662327,0.002080929,0.001975021,0.000974999,0.001852695,0.001964121,0.001776521,0.001609786,0.00106303,0.001453273,0.001820507,0.00186242,0.001904508,0.001765828,0.001534794,0.001296899,0.00104483,0.001495381,0.001633455,0.001542229,0.001097874,0.001143055,0.00147509,0.001318111,0.001570766,0.00167991,0.002348707,0.001818474,0.001777538,0.001933497,0.001498934,0.001700498,0.0035441,0.003489038,0.002399903,0.004155078,0.002451899,0.001503327,0.001873963,0.001833613,0.002110315,0.001760233,0.002465237,0.001594052,0.001953312,0.00220767,0.003245572,0.002753502,0.002790942,0.002283416,0.002153794,0.001886036,0.002743103,0.002810864,0.002204344,0.002210746,0.003550171,0.002514212,0.002705898,0.002131221,0.002512491,0.003203545,0.00324297,0.003562319,0.002638084,0.002830598,0.00223001,0.002437826,0.00350385,0.003032659,0.003173316,0.003442047,0.002983042,0.002748888,0.003540532,0.002399361,0.002486983,0.00368294,0.002971784,0.00299279,0.003604266,0.003011815,0.002885597,0.003048303,0.002446983,0.00243149,0.002946032,0.004288252,0.002350337,0.002815772,0.004118474,0.003203861,0.002230102,0.003626677,0.003782802,0.004211428,0.003560344,0.002434768,0.001945856,0.003246507,0.003344412,0.002693115,0.003256905,0.00604485,0.006687881,0.006786145,0.004859876,0.00522403,0.007050506,0.004843665,0.004819797,0.006234514,0.005931368,0.004957864,0.005748919,0.00451942,0.003826814,0.005286415,0.006453556,0.00412328,0.006220785,0.006383848,0.006485874,0.005925261,0.005784772,0.004305962,0.006661375,0.004247756,0.004815286,0.007227512,0.004405767,0.005996256,0.004386378,0.002157773,0.001875083,0.004940531,0.002529186,0.001748298,0.002423426,0.002292133,0.002656511,0.002198551,0.002640427,0.003817914,0.002936013,0.003415137,0.001734599,0.002157574,0.002963267,0.003909169,0.002651111,0.002065997
190610_1:1,male,4/3/18,30.7,APOE44,N57437,N57438,0.3956551,0.002938106,0.002857129,0.002056917,0.002224253,0.002392261,0.002241984,0.003049899,0.002293722,0.001709512,0.001505239,0.001538055,0.001696383,0.001773872,0.001420105,0.001621979,0.00203368,0.001812175,0.000996326,0.001747958,0.001924642,0.001688189,0.001593254,0.001005505,0.001414699,0.001657781,0.001673478,0.001776774,0.001630423,0.001407972,0.001167433,0.001136448,0.001472584,0.001726328,0.001624786,0.001112252,0.001113058,0.001564963,0.001271911,0.001498927,0.001682255,0.002149284,0.001722024,0.001987216,0.002019274,0.001500062,0.001917769,0.0038025,0.003724866,0.002559898,0.004188353,0.002552454,0.001546592,0.002030805,0.001847293,0.002114548,0.001925211,0.002539545,0.001625737,0.002020543,0.002230316,0.00357756,0.00278099,0.002967062,0.002315526,0.002323809,0.001994097,0.002666748,0.002835938,0.002222978,0.002233743,0.003400127,0.002591358,0.002787178,0.002218545,0.002508711,0.003130192,0.003366199,0.003670997,0.002653115,0.002826152,0.002320209,0.002653778,0.003335201,0.002990324,0.003224564,0.003458277,0.003123705,0.002694301,0.003402005,0.002462707,0.002675649,0.003574408,0.003007847,0.002819607,0.003444672,0.003231571,0.00276919,0.003069402,0.002367944,0.002507272,0.002924296,0.004176427,0.00223273,0.002908225,0.004122309,0.00321293,0.002173654,0.003399478,0.003770931,0.004335446,0.003602145,0.00234191,0.001979627,0.002788531,0.003344751,0.002521347,0.003241463,0.006030292,0.006737454,0.006413397,0.004979352,0.005153091,0.007027784,0.004582684,0.00535802,0.00652873,0.006088062,0.00497101,0.005586897,0.004557703,0.00387483,0.005441452,0.006409284,0.004351324,0.006083025,0.006452717,0.006234337,0.006148263,0.005701872,0.004017606,0.006643047,0.004310762,0.004924454,0.007179552,0.004211864,0.005856044,0.004407356,0.001758584,0.002086817,0.005275533,0.0024648,0.00160493,0.002536492,0.002272241,0.002414158,0.002305976,0.002701825,0.003945565,0.00333062,0.00357346,0.001827855,0.002264534,0.0029166,0.003973445,0.002614866,0.002446207
190610_2:1,male,4/3/18,32.1,APOE44,N57446,N57445,0.392502,0.002837036,0.002739342,0.002020359,0.002096876,0.002846472,0.002217955,0.003152889,0.002147822,0.001714669,0.001459903,0.001405095,0.001636787,0.001804168,0.001412226,0.001619784,0.001959873,0.001836453,0.001224762,0.001767053,0.00185769,0.001787497,0.001682924,0.001180776,0.001476503,0.001626504,0.001739838,0.00180875,0.001679944,0.001385854,0.001182501,0.001074088,0.001465833,0.001652724,0.001678671,0.001134702,0.00109521,0.001640808,0.001242516,0.00164277,0.001733557,0.002219023,0.00184861,0.001825876,0.002054974,0.001472468,0.0019375,0.003503884,0.003539281,0.002612726,0.004097478,0.002607816,0.001397084,0.001967309,0.001811792,0.002308353,0.001705133,0.002570856,0.002131818,0.002119564,0.00233918,0.003464234,0.002787201,0.002988762,0.002353422,0.002343128,0.001971712,0.002625226,0.002940578,0.002258391,0.002153342,0.003504559,0.002585746,0.002736599,0.002118509,0.002558427,0.003188638,0.003374427,0.003641001,0.002853547,0.002855854,0.002317672,0.002498966,0.003467463,0.003088067,0.003265314,0.003425395,0.002994196,0.002793958,0.003437488,0.002599808,0.002589882,0.003644077,0.002965944,0.003284805,0.003568141,0.003098222,0.002879128,0.003091047,0.002407544,0.00248178,0.003038988,0.004338756,0.002276571,0.00298284,0.004313879,0.003274674,0.002199148,0.003403437,0.003626321,0.004351909,0.00355712,0.002483991,0.002027908,0.003002107,0.003345279,0.002562218,0.003221448,0.006012884,0.006819666,0.006294705,0.004870233,0.005277823,0.006852447,0.004893107,0.005436857,0.005924139,0.006013378,0.004667065,0.005412057,0.004482015,0.003865909,0.005620994,0.006405597,0.004237248,0.006157456,0.006344488,0.006520466,0.006058315,0.005477017,0.003920267,0.006209541,0.004323863,0.004948986,0.00730216,0.004468334,0.005874227,0.004421783,0.001725097,0.001895744,0.005403067,0.002673382,0.001784399,0.002577716,0.002494128,0.002248295,0.002237208,0.002666357,0.003852482,0.003142506,0.003600688,0.001783237,0.002222786,0.002978547,0.003830641,0.002410439,0.002383989
190610_3:1,male,4/3/18,31.6,APOE44,N57449,N57450,0.3865039,0.002875387,0.002721597,0.002084034,0.00190421,0.002467315,0.002104895,0.003043292,0.002184865,0.001759052,0.001458394,0.001483123,0.001639796,0.001763002,0.00145852,0.001659031,0.002108857,0.001896049,0.001214399,0.001765331,0.001878209,0.001775661,0.001696898,0.001131829,0.001391614,0.001776524,0.001775529,0.001787785,0.001602568,0.001399362,0.001166498,0.001021595,0.001424279,0.001704168,0.001638702,0.001060737,0.001052008,0.001433859,0.001224772,0.001616607,0.00176522,0.002209672,0.001885032,0.002011948,0.002130046,0.001408168,0.001787638,0.003491768,0.003781275,0.002529962,0.00427109,0.002537912,0.001444946,0.002065644,0.001814515,0.002330576,0.001774409,0.002578305,0.001803259,0.002136842,0.002353734,0.003260189,0.002745576,0.002981039,0.00235505,0.002330005,0.001978639,0.00265726,0.002952842,0.002204857,0.002090581,0.003401469,0.002527483,0.002758767,0.002157001,0.002588419,0.003330756,0.003260045,0.003660473,0.00268742,0.002788177,0.002206415,0.002491695,0.003404402,0.003004664,0.003137645,0.003438279,0.003095369,0.002724662,0.003497221,0.002237723,0.002552555,0.003748409,0.00286895,0.003092638,0.003458589,0.003182338,0.002828006,0.003122288,0.002402172,0.002438461,0.002968017,0.004276972,0.002192779,0.0029045,0.004204724,0.003181018,0.002204833,0.003379989,0.003530142,0.004204202,0.003522676,0.002485779,0.002040864,0.002670438,0.003346716,0.0025556,0.003189784,0.005906571,0.006902525,0.006536415,0.004825645,0.005187779,0.00694197,0.004867637,0.005275202,0.005965158,0.006146711,0.004861988,0.005455249,0.004675178,0.00391586,0.005517808,0.006456481,0.004153312,0.00618125,0.006365141,0.006322006,0.00554714,0.005532447,0.004030996,0.006406252,0.004267087,0.004929204,0.007242407,0.004356225,0.006102241,0.004301664,0.002048529,0.001931716,0.00537223,0.002796971,0.001727058,0.002420685,0.002256434,0.002628309,0.002149483,0.002469584,0.003964811,0.003094906,0.003418624,0.001715666,0.002182886,0.00285759,0.003689099,0.002563732,0.002350047
190610_4:1,male,4/3/18,30.6,APOE44,N57515,N57516,0.3752702,0.002907754,0.002776911,0.002001394,0.001889094,0.002655753,0.002319011,0.003068834,0.002146791,0.00167372,0.001524318,0.001615358,0.001654935,0.001648193,0.001499772,0.001567163,0.001977928,0.001882093,0.001194838,0.001746311,0.001746467,0.001694366,0.001654136,0.001093038,0.001763339,0.001773963,0.001726696,0.00177444,0.001677889,0.001500762,0.001127719,0.00115016,0.001515184,0.00164309,0.001614002,0.001066034,0.001134652,0.001537594,0.001306332,0.001643509,0.001740744,0.002177997,0.001738693,0.001805438,0.00192877,0.001325729,0.001682418,0.003797863,0.003399425,0.002759054,0.004028286,0.002525801,0.001432593,0.002082788,0.001920462,0.002186859,0.001745486,0.002580596,0.001870636,0.001979594,0.00232585,0.003217825,0.002771112,0.002781853,0.002208034,0.002229677,0.001954428,0.002674033,0.00288752,0.002263161,0.002201585,0.003393265,0.002587394,0.002789295,0.002109188,0.002456287,0.003264153,0.003296138,0.003618957,0.002783694,0.002778219,0.002316253,0.002582809,0.003367887,0.002896229,0.00319313,0.003496778,0.002988524,0.00275175,0.003295624,0.002342223,0.002574325,0.003764449,0.003080388,0.003225599,0.00354337,0.003191937,0.002665118,0.002961171,0.002361856,0.002406124,0.002820735,0.004308329,0.002345828,0.002896203,0.004218566,0.003177728,0.002159186,0.003292411,0.003518267,0.004248894,0.003585857,0.002413903,0.002039646,0.002563626,0.003184536,0.002341852,0.003117096,0.00592625,0.006797569,0.00663167,0.004836472,0.005508396,0.007228032,0.004819771,0.004759789,0.006297373,0.006099783,0.004934629,0.005577758,0.004584561,0.003959438,0.005450592,0.006348562,0.004163731,0.006164732,0.00633904,0.006352521,0.006002313,0.005553441,0.003770669,0.006089217,0.004456497,0.004827056,0.007163293,0.004259417,0.005983056,0.004381289,0.001879376,0.002030988,0.005262362,0.002648468,0.001695965,0.002463724,0.002523214,0.002552459,0.002289262,0.002585746,0.003913657,0.003130399,0.003512219,0.001706043,0.002174277,0.002981227,0.00390816,0.003230728,0.002211105
190610_5:1,male,4/3/18,32.2,APOE44,N57520,N57521,0.3578771,0.002741814,0.002805608,0.001964615,0.001945478,0.002547985,0.002115631,0.003087606,0.002108788,0.001716825,0.00162363,0.001591578,0.00175567,0.001623112,0.001392253,0.001547888,0.001833639,0.001752459,0.000994739,0.001618286,0.001792424,0.001701712,0.001623805,0.001167259,0.001555809,0.001795409,0.001714934,0.001788437,0.001644772,0.001292413,0.001119911,0.001060806,0.001427652,0.001563632,0.001790582,0.001167421,0.001220139,0.001575783,0.001471248,0.00163877,0.001663916,0.002242292,0.001753752,0.002021795,0.002363744,0.001517467,0.00188142,0.003419113,0.003151091,0.002500918,0.003786321,0.002509715,0.001380507,0.001971369,0.00181386,0.002375976,0.001616665,0.002534211,0.002073559,0.002031925,0.002172266,0.003569145,0.002722649,0.002972071,0.002246381,0.002219601,0.001934841,0.002650862,0.002611758,0.002199077,0.002061436,0.003518575,0.00258956,0.002837229,0.002081648,0.002658193,0.003108292,0.003502102,0.003759268,0.002958685,0.002813043,0.002219571,0.002467484,0.003543994,0.003167711,0.003275094,0.003408877,0.003003099,0.002712426,0.003323237,0.00257992,0.002613086,0.003615672,0.002932185,0.002970083,0.003554989,0.00337381,0.002890388,0.003052596,0.002461915,0.002402345,0.003078893,0.004351922,0.002331366,0.003005737,0.004285477,0.003290097,0.002252887,0.003484819,0.003806603,0.004115394,0.003497551,0.002392089,0.001969071,0.002603267,0.003309738,0.00235678,0.003206736,0.00608848,0.006963808,0.006426309,0.00493241,0.00545442,0.007140197,0.004790705,0.005286387,0.006056279,0.006239776,0.005253638,0.005503869,0.004526661,0.003840898,0.005318863,0.006638009,0.004358568,0.006282407,0.006302834,0.006458977,0.006037228,0.005661845,0.003780062,0.006063,0.004624115,0.004987482,0.007423838,0.004229717,0.005787374,0.004441066,0.001935318,0.001919344,0.005499481,0.00219284,0.001658734,0.002464581,0.002306477,0.002423673,0.002061133,0.002645624,0.00396012,0.003094129,0.003636575,0.00176509,0.002171079,0.002957105,0.003925913,0.002671811,0.002379152
190715_4:1,female,3/21/18,27.8,HN,N57554,N57559,0.3488808,0.002970186,0.002567819,0.001823136,0.001771854,0.002525683,0.002101691,0.0029741,0.002073778,0.001667832,0.001517433,0.001593264,0.001754137,0.001561879,0.001462832,0.001615732,0.001904476,0.001769916,0.001070957,0.001707095,0.001847583,0.001686316,0.001631095,0.000951689,0.001670977,0.001806781,0.00178339,0.001792177,0.001746724,0.001418262,0.001194263,0.001107631,0.001460125,0.001571023,0.001490827,0.000948722,0.001113258,0.001486946,0.001252005,0.00152392,0.00171015,0.002131801,0.001737217,0.001865912,0.001808623,0.001333892,0.00178834,0.003665382,0.003697976,0.002512606,0.004090647,0.00248972,0.001414954,0.001817875,0.001928009,0.001961818,0.00196888,0.002507584,0.001712594,0.001810989,0.002200292,0.00317606,0.002728344,0.00302005,0.002365741,0.002223917,0.00198301,0.002801015,0.002715992,0.002093647,0.002374805,0.003200571,0.002559549,0.002567896,0.002110201,0.002399519,0.003248644,0.003257894,0.003632022,0.00252679,0.002725319,0.002346714,0.002499085,0.003137994,0.00289057,0.003164262,0.003493218,0.002965415,0.002680579,0.003521792,0.002460335,0.002530704,0.003620229,0.002881379,0.002933612,0.003459303,0.003369675,0.002749796,0.003124486,0.002379647,0.002441804,0.002966332,0.004044868,0.002420094,0.002791537,0.004010476,0.003295778,0.002045279,0.002949672,0.00376008,0.004358098,0.003484202,0.00236196,0.002118182,0.003163859,0.003228669,0.002751809,0.003421065,0.006163345,0.006713776,0.006750155,0.004952943,0.005384168,0.007182779,0.004635249,0.005275989,0.006233131,0.00609269,0.004776025,0.005872842,0.004544064,0.004159753,0.005398463,0.006292837,0.004288033,0.006210751,0.006453665,0.006517741,0.006455798,0.005685087,0.004004176,0.006161985,0.00422921,0.005036599,0.007475305,0.004062484,0.006211879,0.004480755,0.001918091,0.002071405,0.005045187,0.002669439,0.001649294,0.002519459,0.002389196,0.002676395,0.002402368,0.002790823,0.00383566,0.003003341,0.003470559,0.001732023,0.00237879,0.002804639,0.003622116,0.002689292,0.002219742
190909_9:1,male,3/21/18,33.4,HN,N57559,N57560,0.3827194,0.002850101,0.002700554,0.001983974,0.001940433,0.002543348,0.002167182,0.003011522,0.00215943,0.001703201,0.001474828,0.001511097,0.001672862,0.001646009,0.001444375,0.001579188,0.001911284,0.001793039,0.001040419,0.001698875,0.001838448,0.001716881,0.001613092,0.001080093,0.001530243,0.00179656,0.001774627,0.001814884,0.001663611,0.001421711,0.001197483,0.001072326,0.001459531,0.001616372,0.001602794,0.001075116,0.001141723,0.001516399,0.001274688,0.001543122,0.001699939,0.002158034,0.001797822,0.001900919,0.002058459,0.00145275,0.001812745,0.003591925,0.00334281,0.002569419,0.003926464,0.002515399,0.001433024,0.001938767,0.001886196,0.002230203,0.001810162,0.002514781,0.001865614,0.001992987,0.002196568,0.003396086,0.002713646,0.002887536,0.002275421,0.002218176,0.001930121,0.002639529,0.002692676,0.002207398,0.002201193,0.003434435,0.002557645,0.002750987,0.002107331,0.002536211,0.003182907,0.003324322,0.003659429,0.002665493,0.002810797,0.002314577,0.002597981,0.003413628,0.003002014,0.00321437,0.003489956,0.003099693,0.002780557,0.003457797,0.002488549,0.002582368,0.00371215,0.002975377,0.003050779,0.003531673,0.003218575,0.002795281,0.003108145,0.002403718,0.002459353,0.002987443,0.004250897,0.002335231,0.002895831,0.004192741,0.003257019,0.002170168,0.003251521,0.00373558,0.004259525,0.003519304,0.002400825,0.002035989,0.0028704,0.003323528,0.002559297,0.003220151,0.006049401,0.006888656,0.006616925,0.004893969,0.005293981,0.007109954,0.004770923,0.005270523,0.00623566,0.006125016,0.004895232,0.005675421,0.004533849,0.003875336,0.005446792,0.006511154,0.004326273,0.006244829,0.006439701,0.006499735,0.006099863,0.005813148,0.00398432,0.006370072,0.004416431,0.00500329,0.007366033,0.004235737,0.006076285,0.004437845,0.002041134,0.001943499,0.005349861,0.002505572,0.001773449,0.002506543,0.002388995,0.002547664,0.002239559,0.002646687,0.003847361,0.003114964,0.003526992,0.001787891,0.002272081,0.00292469,0.003843204,0.002800003,0.002229086