ANIMAL,Sex,DOB,Weight,Genotype,DWI,GRE,Exterior,A24a,A24aPrime,A24b,A24bPrime,A29a,A29b,A29c,A30,A32,Au1,AuD,AuV,DLO,Fr3,FrA,Ins,LO,LPtA,M1,M2,MO,MPtA,PtPR,S1,S1BF,S1DZ,S1FL,S1HL,S1J,S1Sh,S1Tr,S1ULp,S2,TeA,V1,V1B,V1M,V2L,V2ML,V2MM,VO,CEnt,DIEnt,DLEnt,MEnt,VIEnt,Cl,DCl,PLCo,VCl,Hc,DTT,Ect,PaS,PRh,PrS,Pir,APir,Hyp,Pre_Tel,Sthal,SPT,GP,CPu,Amy,Acb,BNst,Vpal,PAG,APT,VTA,Thal_R,VT,LDNT,MGN,LGN,ZI,RTN,Sub_PP,DpMe,SC,IC,SN,RPC,MRN,RI,Cn,PrCn,BS_R,Iped,Cb_1_10,Den,Int,FasDL,FasMed,Vll,ParB,KF,PCRt,CG,Su5,m5,n5N,PnC,Raph,Pr5,DTg,Tg,CoN,Pn,RTg,Oliv,PnRt,Sp5,Ve,Gi,Cu,ac,ot,fi,cc,fx,st,cg,lo,vhc,ic,fr,sm,mt,pc,bsc,cp,ll,sp5,py,n8,n7,lfp,mlf_ts,sc,ml,vsc,mcp,scp,icp_oc_tz,cbw,LV,A25,das,Post,v4V,MiTg,PT,LDVL,LP,AThal,RMC,PaR,RR,CSF,IRN,PHD_PaMP_Post_and_LatHy,PR_p3Tg_L,PVG,BLA
190715_7:1,female,5/26/18,27.5,APOE22,N57496,N57497,0.3493397,0.002943044,0.002722035,0.002061984,0.002206067,0.002587251,0.002388237,0.00311638,0.002107697,0.001752274,0.001470871,0.001487893,0.001684649,0.001794665,0.001401348,0.001654257,0.002107387,0.001957204,0.0010601,0.001744749,0.001992681,0.001831592,0.00159565,0.001087371,0.001596907,0.001761554,0.00165235,0.001787704,0.001864786,0.001385918,0.001297568,0.001146251,0.001417027,0.001675254,0.001567268,0.001053271,0.001135744,0.001601747,0.001262816,0.001587055,0.001714354,0.002359259,0.001870799,0.002110155,0.00228486,0.001432914,0.001839645,0.003844631,0.00353393,0.002621152,0.004252085,0.002648781,0.001482254,0.001991478,0.001981955,0.002281508,0.001941676,0.002530508,0.001598132,0.0020708,0.002403576,0.003264275,0.00292064,0.002780331,0.00241879,0.002248626,0.002050972,0.002748943,0.002925485,0.002192259,0.002538987,0.003530304,0.002603751,0.002666932,0.002301168,0.002651918,0.003305415,0.003222068,0.003499344,0.002980404,0.002825589,0.002385485,0.002542781,0.003560106,0.002841605,0.003258982,0.003492291,0.00290783,0.002832639,0.00354175,0.002277876,0.002696253,0.003505291,0.002864466,0.002987352,0.003415099,0.0033233,0.002885848,0.003052837,0.002456908,0.002450216,0.002759038,0.00397301,0.002145287,0.002772333,0.004158477,0.003110684,0.002237839,0.00336665,0.003744058,0.004400315,0.003313951,0.002531089,0.00195098,0.003132421,0.003223138,0.002623936,0.003146903,0.005727158,0.006459273,0.006598427,0.004877347,0.005292799,0.006961471,0.004703113,0.005324397,0.006255102,0.005727327,0.004799349,0.005479866,0.004487401,0.004491038,0.005192165,0.006272161,0.004451382,0.00613739,0.006646805,0.005989825,0.005302214,0.00617591,0.004050003,0.00671332,0.004213516,0.004877783,0.007121046,0.004616525,0.005723279,0.0043254,0.002051541,0.002288642,0.005186449,0.002991562,0.002302456,0.002622439,0.002470094,0.002910075,0.002378887,0.002712631,0.004042561,0.002979098,0.003506935,0.001682435,0.002230869,0.00304734,0.004036725,0.002874802,0.002328034
190715_8:1,female,5/26/18,28.8,APOE22,N57500,N57501,0.3602842,0.002996124,0.00275842,0.002042752,0.002088742,0.002572062,0.002189291,0.003065758,0.002082956,0.00172098,0.001474893,0.0014376,0.001573826,0.001661878,0.001412383,0.001626021,0.001964809,0.00191421,0.001225623,0.001759073,0.001976653,0.001959381,0.001579939,0.001235175,0.001531881,0.001774792,0.00168332,0.001780095,0.001772063,0.00134896,0.001418738,0.00118277,0.001423715,0.001678669,0.0015773,0.001169149,0.001157763,0.001544185,0.001270698,0.001719602,0.001737555,0.002424913,0.001923336,0.002225977,0.002360638,0.00156899,0.001967983,0.003742583,0.003724578,0.002791128,0.004077623,0.00270572,0.001392168,0.002030403,0.00190575,0.00236195,0.001928987,0.00259027,0.002101642,0.002022952,0.002331717,0.00341776,0.002854494,0.002794098,0.002321163,0.002299185,0.002028654,0.002869926,0.002876781,0.002190894,0.00236131,0.003495144,0.002582195,0.002666393,0.002212285,0.002589185,0.003178549,0.003357549,0.003550652,0.002966007,0.002843194,0.002304432,0.002535926,0.003511006,0.00285307,0.003227128,0.003409756,0.002957218,0.002777939,0.003403614,0.002303618,0.00273913,0.00358377,0.002872845,0.003053315,0.003539478,0.00340989,0.002828023,0.003112707,0.002536331,0.002317159,0.002715147,0.003742459,0.002281966,0.00276192,0.004008798,0.003204443,0.002180646,0.003259528,0.004012884,0.004232634,0.003362311,0.002526588,0.001977348,0.002956992,0.003189797,0.002518742,0.003022651,0.005866639,0.006526102,0.006671019,0.004871809,0.005201723,0.007100856,0.004712388,0.00531499,0.006181062,0.005815809,0.004617769,0.005744703,0.004253342,0.004315303,0.005475397,0.006450255,0.004387665,0.006131945,0.006382829,0.006160097,0.005450665,0.006236897,0.003689551,0.006240856,0.004149494,0.004980241,0.00714841,0.004208858,0.00570887,0.004347391,0.002115466,0.002454428,0.00477906,0.002757266,0.001625655,0.002572892,0.002387627,0.002760673,0.002264818,0.002687646,0.003841747,0.002509629,0.003630828,0.001591033,0.002357793,0.00304052,0.003967264,0.002791918,0.002443109
191028_3:1,female,4/26/18,22.3,APOE22,N57694,N57695,0.3442935,0.002958234,0.002670872,0.002031275,0.002158354,0.002583197,0.002257662,0.003015493,0.002089156,0.001743733,0.001411461,0.001371995,0.001565078,0.001790337,0.001360556,0.001674397,0.001924284,0.001915037,0.001103981,0.001717499,0.00193979,0.001811922,0.001505273,0.001024053,0.001453803,0.001726969,0.001640392,0.001729479,0.001727198,0.001252874,0.001248013,0.001081168,0.001425893,0.001530276,0.001507023,0.000943932,0.000985625,0.001485193,0.00110103,0.001449474,0.001632704,0.002323325,0.001829727,0.002005064,0.002248873,0.001459528,0.001801549,0.003914817,0.003409004,0.002695868,0.004000509,0.002614835,0.001466445,0.001941705,0.001957012,0.002248108,0.001807516,0.002503177,0.001831298,0.001990381,0.002316162,0.003411341,0.002815636,0.002865486,0.002294046,0.002330853,0.001952729,0.002825177,0.002835679,0.002320757,0.002364017,0.003510109,0.002553711,0.002585209,0.002164304,0.00254942,0.003163189,0.003360386,0.003550186,0.003009152,0.002977544,0.00232573,0.002619794,0.003662769,0.003159425,0.003330767,0.003652544,0.003076123,0.002900199,0.003360292,0.002468952,0.00262587,0.003708809,0.002926462,0.002971653,0.00348117,0.003301694,0.002894309,0.003123916,0.002428461,0.002388803,0.002956806,0.004274676,0.002294725,0.002760365,0.004115663,0.003209681,0.002210156,0.003224027,0.003813729,0.004349222,0.003172737,0.002329425,0.001985097,0.002754104,0.003269643,0.002453167,0.002946716,0.005765577,0.006583452,0.00660228,0.004813218,0.005191788,0.007080329,0.00453642,0.005228818,0.006264245,0.005927453,0.004493173,0.005690681,0.004505517,0.004189454,0.005581365,0.006352081,0.004326833,0.006036728,0.006255601,0.006285265,0.006110159,0.00525397,0.00377376,0.0059593,0.00423879,0.004930366,0.007141056,0.004383409,0.005994899,0.004376454,0.001930638,0.002288363,0.005285063,0.002814797,0.001641822,0.002625475,0.002264983,0.002816876,0.002306911,0.00264421,0.003994806,0.002935148,0.003685677,0.001750709,0.002336681,0.003211095,0.004209935,0.00265921,0.002417261
191028_4:1,female,4/26/18,24,APOE22,N57702,N57703,0.336286,0.002906758,0.002597439,0.002009752,0.001995404,0.002777049,0.002035598,0.003014655,0.002079516,0.001758653,0.001507424,0.001274913,0.001486961,0.001774798,0.001375627,0.001646024,0.001809385,0.00195311,0.000947915,0.001703539,0.001947681,0.001896037,0.001518128,0.000989402,0.001437534,0.001741044,0.001700961,0.001778446,0.00177119,0.00123719,0.001234781,0.00111918,0.001336232,0.001440899,0.001338442,0.001082861,0.001156123,0.001544696,0.001094463,0.001515746,0.001714918,0.002373427,0.001801731,0.001990475,0.002193105,0.001553547,0.001804766,0.004051657,0.00321315,0.002511177,0.003875062,0.002617637,0.001477815,0.001521852,0.002127068,0.001892928,0.002057304,0.002447811,0.001690052,0.002014601,0.002283866,0.00331544,0.002801441,0.002778315,0.002256792,0.002193314,0.002004551,0.00270385,0.002823946,0.00221629,0.002410184,0.003489625,0.002575935,0.002722909,0.00228582,0.002723273,0.003215437,0.003300621,0.003647258,0.00287503,0.002917338,0.002386501,0.002672376,0.003572575,0.002851219,0.003349221,0.003642314,0.003183086,0.003019017,0.003361929,0.002286653,0.002709142,0.003675357,0.002857719,0.003065549,0.003535936,0.003494979,0.002809887,0.00314705,0.0025075,0.002403414,0.002881622,0.004088725,0.002404399,0.002802427,0.004228819,0.00331878,0.002184593,0.003046319,0.004022454,0.004223296,0.003195527,0.002378598,0.002014045,0.002669061,0.003290844,0.002558949,0.003185138,0.005881625,0.006660636,0.006254897,0.004913236,0.005543774,0.00697875,0.00456645,0.005214298,0.006351555,0.00597302,0.004443142,0.005707354,0.00437476,0.004224739,0.005479422,0.006433032,0.004727969,0.006278915,0.006333393,0.006260948,0.006007068,0.005664774,0.004018724,0.006651913,0.004416188,0.005164805,0.007335085,0.004248704,0.006038333,0.004428944,0.001619982,0.002442527,0.005250141,0.002489969,0.001639932,0.002875598,0.002451408,0.002697717,0.002171578,0.002790575,0.003828989,0.003341734,0.003825166,0.00156268,0.002420222,0.003104262,0.004157403,0.003041163,0.002270625
191028_5:1,female,4/26/18,22.5,APOE22,N57709,N57710,0.361818,0.002853436,0.0026924,0.002057449,0.002047017,0.002500114,0.002206632,0.003125388,0.002145499,0.001751675,0.001495913,0.001375594,0.001597856,0.001690677,0.00129312,0.001613957,0.001881114,0.002071476,0.001192751,0.001752795,0.001976707,0.001937925,0.001739921,0.001162489,0.001400891,0.001810675,0.001767254,0.001843744,0.001801779,0.001284093,0.001314471,0.001202604,0.001376789,0.001505521,0.001448245,0.00101801,0.001060583,0.00140231,0.001193325,0.001512027,0.001736037,0.002650351,0.00172694,0.001761174,0.001856629,0.001274302,0.001673543,0.003774759,0.003336182,0.002600736,0.00399461,0.00255551,0.001525375,0.001866927,0.001908325,0.002068699,0.001769249,0.002501851,0.001740354,0.002159335,0.002274032,0.003490686,0.002853909,0.002767819,0.002229427,0.002321052,0.002037138,0.002949986,0.002836894,0.002154722,0.002503262,0.003489075,0.002633838,0.00274567,0.002290006,0.002686108,0.003197121,0.003427413,0.003534885,0.002798509,0.00279279,0.002384787,0.002583615,0.003634197,0.002954887,0.003149837,0.003554057,0.002869559,0.002796178,0.003377338,0.00267954,0.002705954,0.003497186,0.002881542,0.002904334,0.00330593,0.003293482,0.002591138,0.003086355,0.002419233,0.00254481,0.002674232,0.004433174,0.002459656,0.002760106,0.004012898,0.003494747,0.001999993,0.002743853,0.003970632,0.004507249,0.003621086,0.002395098,0.002304672,0.002806985,0.003315327,0.002653952,0.003156149,0.005942036,0.006856257,0.006636316,0.004816183,0.005283556,0.007132032,0.004877543,0.005534259,0.006249683,0.005836861,0.004527231,0.005815248,0.004170705,0.003820137,0.005678099,0.006490537,0.004470955,0.006076993,0.006301168,0.006153224,0.006353493,0.005769317,0.004052275,0.006694037,0.004137581,0.005079807,0.007201911,0.004058403,0.005944359,0.004369583,0.001897447,0.002222605,0.004953934,0.002543173,0.001675956,0.002587725,0.002494206,0.002610397,0.002348476,0.002878432,0.003856249,0.002864062,0.003621355,0.002017817,0.002567932,0.00340595,0.004224317,0.002803836,0.002159627
190715_6:1,male,5/26/18,32.9,APOE22,N57498,N57499,0.3726528,0.002712091,0.00268462,0.001986518,0.002059219,0.002707978,0.002210408,0.002865707,0.002004417,0.001974386,0.001446195,0.001435562,0.001660377,0.001765874,0.001395013,0.001615264,0.001741683,0.00189263,0.001083867,0.001688619,0.00192106,0.00203711,0.001627948,0.000991626,0.001379632,0.001852418,0.001698612,0.001763915,0.001834433,0.00131738,0.001451865,0.00119096,0.001443689,0.001473553,0.001483104,0.001032345,0.001080345,0.001377679,0.001140903,0.001526695,0.001570947,0.002457901,0.001772757,0.001881408,0.002253131,0.001603776,0.001982785,0.003981679,0.003054882,0.002846184,0.003646076,0.002633122,0.001486793,0.001722931,0.002015575,0.002213771,0.001892291,0.002553877,0.001700246,0.00202636,0.002332687,0.003239887,0.002713132,0.002781159,0.002317425,0.002189915,0.00204339,0.002763444,0.0026796,0.00218673,0.002468433,0.00352838,0.002561704,0.002682865,0.002058115,0.002668038,0.003202954,0.003224945,0.003658236,0.002771311,0.002908416,0.00243749,0.002683197,0.003457421,0.002905224,0.003374931,0.003553913,0.0029871,0.002934426,0.003522313,0.002449123,0.00263169,0.003471382,0.00301645,0.003152336,0.003402663,0.003431638,0.002789839,0.003032633,0.002402152,0.002564776,0.002848467,0.003908109,0.002335364,0.002852178,0.004142383,0.003300907,0.0021741,0.002986366,0.003837288,0.004418232,0.003197063,0.002442612,0.002097899,0.002909522,0.003287251,0.002701875,0.003200234,0.005912989,0.006693794,0.006491344,0.004872636,0.005401629,0.007048813,0.004620498,0.005518564,0.006251904,0.006031729,0.004636452,0.005600233,0.004372424,0.004089383,0.005545494,0.006344009,0.004448006,0.006245993,0.006367986,0.006340551,0.005752481,0.005227206,0.003894201,0.006209968,0.004207075,0.005136067,0.007152348,0.004379724,0.005931582,0.004332524,0.001846414,0.002484838,0.005111367,0.002660753,0.001619016,0.00276683,0.002405632,0.00264335,0.002057888,0.002692561,0.003821479,0.003249286,0.003678103,0.001799285,0.002339743,0.002969615,0.004251016,0.002568138,0.002167423
190715_9:1,male,5/26/18,29.3,APOE22,N57502,N57503,0.3799425,0.002994023,0.00293048,0.002127817,0.002184145,0.002597009,0.002061935,0.003276397,0.002147389,0.001666048,0.001594023,0.001556646,0.001771127,0.001647887,0.00138214,0.00168972,0.001988136,0.00185318,0.001232912,0.001769708,0.001922056,0.001761538,0.001741616,0.001154947,0.0014166,0.001835094,0.001746504,0.001830612,0.001884514,0.001341402,0.001390715,0.001131829,0.001443238,0.001627265,0.001700446,0.001233999,0.001143829,0.001493205,0.001368325,0.001821364,0.001839063,0.002185535,0.001827159,0.00199428,0.002432297,0.001490709,0.001679555,0.003633062,0.003305464,0.002558717,0.004106983,0.002640911,0.001504754,0.001948308,0.001854039,0.002537329,0.001667474,0.002542846,0.00199474,0.002132189,0.002185938,0.003443784,0.002762234,0.002724183,0.002259577,0.002197712,0.001911707,0.002595791,0.00270167,0.002199352,0.002256287,0.003474045,0.002590926,0.002772806,0.002135285,0.002603715,0.003128869,0.003284466,0.003626635,0.002763321,0.002777184,0.002268603,0.002548493,0.00353107,0.002933038,0.003237156,0.003335457,0.003058598,0.002722143,0.003527478,0.002354508,0.002715185,0.003618784,0.002765178,0.003050281,0.003424486,0.003444926,0.002842836,0.003166166,0.002478448,0.00245693,0.002921993,0.00422823,0.002363408,0.002848016,0.004218947,0.003246224,0.002255721,0.00329769,0.003886386,0.004268779,0.003258775,0.002584993,0.002025514,0.003154313,0.003280957,0.002700795,0.003367383,0.005860621,0.006548723,0.00666414,0.004787509,0.005130169,0.007017963,0.004797339,0.005130065,0.005995399,0.006004542,0.004280952,0.005549723,0.004586401,0.003921641,0.005035582,0.006463412,0.00452598,0.00622186,0.006383959,0.006412985,0.00569162,0.006052984,0.004132359,0.006832185,0.004319259,0.004924211,0.00712321,0.004339036,0.005733534,0.004226391,0.00207643,0.002123494,0.004969987,0.00220425,0.001674896,0.002519738,0.00234987,0.002660599,0.002310311,0.002539477,0.003757402,0.003014234,0.003575386,0.001606939,0.002290541,0.002932952,0.003738867,0.002561996,0.002256811
190715_10:1,male,5/26/18,32.3,APOE22,N57513,N57514,0.3822146,0.002905556,0.002687626,0.002016315,0.002087173,0.002725403,0.002189661,0.003166605,0.002193111,0.001713626,0.001590241,0.001515889,0.001623255,0.001811074,0.001391945,0.001661737,0.001896615,0.001967788,0.001178112,0.00168613,0.001854395,0.001736902,0.001747522,0.001216919,0.001489172,0.001783577,0.001688117,0.001776446,0.001772164,0.001301567,0.001395235,0.001132906,0.001411504,0.001548919,0.001587702,0.001278831,0.001136254,0.001529657,0.0013258,0.001937849,0.001897028,0.002366824,0.001721025,0.002007648,0.002348064,0.001466482,0.001741523,0.003751545,0.00344705,0.00247809,0.004093943,0.002644688,0.001502462,0.001942237,0.001771444,0.002431368,0.0016646,0.002518056,0.001939312,0.002076992,0.002230177,0.003512493,0.002803753,0.002773541,0.002276706,0.002178131,0.001978671,0.002595291,0.002584267,0.002188314,0.002235849,0.003548168,0.002567222,0.002704124,0.002193033,0.002626839,0.003034395,0.003318741,0.003670319,0.002864564,0.002735692,0.002279023,0.002462649,0.003576816,0.002999013,0.003211388,0.003305574,0.002825906,0.002655043,0.003502927,0.002505527,0.002600397,0.003468182,0.002774254,0.002935286,0.003469681,0.00332218,0.002804395,0.002969884,0.002499881,0.002462382,0.002802002,0.004052688,0.002093713,0.002889749,0.004190866,0.003133693,0.002160042,0.003310326,0.003777835,0.004269218,0.003479369,0.002553051,0.001994466,0.002971671,0.0032709,0.002605976,0.003244746,0.00588081,0.006641975,0.006640931,0.004900344,0.005279063,0.007176792,0.004760253,0.005300445,0.006135914,0.005983796,0.004819172,0.005627091,0.00463365,0.004121755,0.005337404,0.006429449,0.004338398,0.006217174,0.006454784,0.006206842,0.005556074,0.005756413,0.00410265,0.006609131,0.0042927,0.004837889,0.007144697,0.004393403,0.005701098,0.004292647,0.002182723,0.002233819,0.005154093,0.002300106,0.001783704,0.002484702,0.002306957,0.002562745,0.002308001,0.002550729,0.003790576,0.002824033,0.003579098,0.001624706,0.002204485,0.002991064,0.003827935,0.002565571,0.002289621
190715_5:1,male,5/26/18,32,APOE22,N57552,N57553,0.3890581,0.002813538,0.002705555,0.001899218,0.001947769,0.002690882,0.002113111,0.002857245,0.002006497,0.001854424,0.001422456,0.001438931,0.001590911,0.001673224,0.001346526,0.00155091,0.001780939,0.00177247,0.000961435,0.00168007,0.001783771,0.001881937,0.001377097,0.001103943,0.001357937,0.001915281,0.00173297,0.001796703,0.00182352,0.001307278,0.001362025,0.001235132,0.001489574,0.001564975,0.001481871,0.001049501,0.001158025,0.001400368,0.001057713,0.001457581,0.001630603,0.002245616,0.001787817,0.001879923,0.00225237,0.001498352,0.001829383,0.003910762,0.003102242,0.002820814,0.003659909,0.002597241,0.001415976,0.001854941,0.002039499,0.002320202,0.002019509,0.002518053,0.001712379,0.001949629,0.002224939,0.003282247,0.002624688,0.002665978,0.002249928,0.002080438,0.002002744,0.002608794,0.002586473,0.002276617,0.002416395,0.003473364,0.002578583,0.002728115,0.002087379,0.002499613,0.003201329,0.003219266,0.00364911,0.002587427,0.002877982,0.002434846,0.002770485,0.003453486,0.002972929,0.003371299,0.003650866,0.003255524,0.002993177,0.003390888,0.002471744,0.002742459,0.003764818,0.003132161,0.002939906,0.003429959,0.003341871,0.002925379,0.003181392,0.002467315,0.002423589,0.003106581,0.004141705,0.002429724,0.002848383,0.004127487,0.003452386,0.002160234,0.003088951,0.00414365,0.004365194,0.003303662,0.002361983,0.002021055,0.002809791,0.003336248,0.002550256,0.003323756,0.006105322,0.006803217,0.006572325,0.004924084,0.005333033,0.007149644,0.004677167,0.005339297,0.00555538,0.006072069,0.004880312,0.005599527,0.004343306,0.004183169,0.005480187,0.006391809,0.004552652,0.006275948,0.006213738,0.006653983,0.006107985,0.005200457,0.003826972,0.006259306,0.004220784,0.005165492,0.007413682,0.004290091,0.006094284,0.004521378,0.001951258,0.002218624,0.005067877,0.00255533,0.001671077,0.002789396,0.002448158,0.002588097,0.002215785,0.00264721,0.003868924,0.003282905,0.003730375,0.001779798,0.002399822,0.003031342,0.003961135,0.002639941,0.001986266
191028_7:1,male,4/26/18,28,APOE22,N57692,N57693,0.3871263,0.002791728,0.002435133,0.002008228,0.002021386,0.002664297,0.002181845,0.002730285,0.001947879,0.00212307,0.0014767,0.001458374,0.00159746,0.001904306,0.001268776,0.00159701,0.001815142,0.001817551,0.001008216,0.001535001,0.001869162,0.002184299,0.001420786,0.001055135,0.001493225,0.001909144,0.001847609,0.001912886,0.001975273,0.001362589,0.001482989,0.001222584,0.001485758,0.001463715,0.001394591,0.001070402,0.001160422,0.001370435,0.000982905,0.001337732,0.001483799,0.00241983,0.001900177,0.001790563,0.001939614,0.001558153,0.001990384,0.004283471,0.00293679,0.002822234,0.003569995,0.002612978,0.001668916,0.001671587,0.002401618,0.002122506,0.002317857,0.002571538,0.001930246,0.001853399,0.002268898,0.003185517,0.002609619,0.00257917,0.002216086,0.002083178,0.002081107,0.002696401,0.002425222,0.002267777,0.00256129,0.003271135,0.002493622,0.002539243,0.002111258,0.002520442,0.003110257,0.003116322,0.00364484,0.0024435,0.002766541,0.002568891,0.002889316,0.003259328,0.002954375,0.0033173,0.003496232,0.003135957,0.003058038,0.00356075,0.002670819,0.00273707,0.003548138,0.003091742,0.003085905,0.003351047,0.003475779,0.002717892,0.003150801,0.002352817,0.002670997,0.00293912,0.004365953,0.002481112,0.002765783,0.00391559,0.003398456,0.00211538,0.002945503,0.004004169,0.004416246,0.003229039,0.002296431,0.002229846,0.0031974,0.003477809,0.002782773,0.003228932,0.005849064,0.006613836,0.006665917,0.004912917,0.005375866,0.007226992,0.004540496,0.005322384,0.00619034,0.005917337,0.004076601,0.005747498,0.004166453,0.004347552,0.005600784,0.006221779,0.004804102,0.005964347,0.006720557,0.006312131,0.006189169,0.005816771,0.003791747,0.006346226,0.004064568,0.005084623,0.007291422,0.004285432,0.006123375,0.004381862,0.0019171,0.002604212,0.005453157,0.002689671,0.001737508,0.002807499,0.00308644,0.002757103,0.002252378,0.002926132,0.003707621,0.003167988,0.00355339,0.00295254,0.002581337,0.002910545,0.004162055,0.002816629,0.001974196
191028_6:1,male,4/26/18,30.3,APOE22,N57700,N57701,0.3753401,0.002720935,0.002409073,0.00187132,0.001911207,0.002615332,0.001814803,0.002892621,0.001905303,0.001687087,0.001418257,0.001480328,0.001463316,0.00167797,0.001313763,0.001542692,0.001794346,0.001884426,0.001046317,0.001601893,0.001788114,0.001823399,0.001300893,0.001121243,0.001540967,0.001826924,0.001798141,0.001792852,0.001695837,0.001343106,0.001282222,0.001266779,0.00144427,0.001322811,0.001237911,0.001132906,0.001316094,0.00137153,0.001118868,0.001430709,0.001436547,0.002413417,0.001701233,0.001628538,0.001647889,0.001432762,0.00180052,0.003650332,0.002657367,0.002354991,0.003438191,0.002517695,0.00149067,0.001544157,0.002070699,0.001975742,0.002115358,0.002443866,0.001841456,0.001906218,0.002373879,0.00326594,0.002738122,0.003370095,0.002392673,0.002018708,0.002178541,0.00307531,0.002338924,0.002359229,0.002243274,0.00353774,0.002536721,0.002557074,0.002021411,0.00251568,0.003195006,0.003296966,0.003921774,0.002548038,0.002944037,0.002372122,0.003041943,0.003418872,0.002866289,0.003334645,0.003471139,0.003454865,0.003264337,0.003612584,0.002606988,0.002794144,0.003746936,0.003082723,0.003372334,0.003495934,0.003981944,0.00258946,0.003243322,0.002627839,0.002580096,0.003150611,0.004381553,0.00250829,0.00303927,0.003966208,0.003659108,0.002305966,0.002636439,0.004006265,0.004149128,0.003317372,0.002434377,0.002133027,0.003701889,0.003467902,0.002985526,0.003633981,0.005752381,0.00672899,0.006480539,0.004648341,0.005745577,0.007262937,0.004463491,0.005122686,0.005602813,0.006304272,0.004824828,0.005899128,0.004390519,0.003789641,0.005726823,0.006250822,0.005305023,0.006247536,0.006363525,0.006365755,0.0058147,0.00519436,0.004047426,0.006326979,0.004080758,0.005480849,0.007461456,0.003784967,0.005838576,0.004262087,0.002109832,0.002259159,0.005322929,0.002204465,0.001705672,0.003020939,0.002032661,0.002741828,0.002147409,0.002972624,0.003335907,0.003835343,0.00405037,0.001726475,0.002606533,0.002808122,0.00415854,0.0031288,0.001964918
190909_11:1,female,4/26/18,36.2,APOE33,N57582,N57583,0.334157,0.002845751,0.00245484,0.001940549,0.001966964,0.002519703,0.002360083,0.00279359,0.002000472,0.001862993,0.001581267,0.001501374,0.001764278,0.001756008,0.001332963,0.001568281,0.001899624,0.001782588,0.001009943,0.001693441,0.001830485,0.001889091,0.001669225,0.001112117,0.001675165,0.00190786,0.001771679,0.001847645,0.00195274,0.001412729,0.001510288,0.001321809,0.001560694,0.001553098,0.00151231,0.001067317,0.001277666,0.001498582,0.001118894,0.001368695,0.001681403,0.002242517,0.001758756,0.001687252,0.001789918,0.001322548,0.001751097,0.003974738,0.003319554,0.002480692,0.003973784,0.002632911,0.001482624,0.001978934,0.002276165,0.002046707,0.002397717,0.002509635,0.001770139,0.001891127,0.002304261,0.003265357,0.002816747,0.002861395,0.002318554,0.002221948,0.002038336,0.00283749,0.002926655,0.002261339,0.002676365,0.003466108,0.002632434,0.002646614,0.00235523,0.002700777,0.003389046,0.003335229,0.003644527,0.002879179,0.0028317,0.002568626,0.002741238,0.003476676,0.002864163,0.003318648,0.003468492,0.003203512,0.003046079,0.003534882,0.002375222,0.00264873,0.003685265,0.003001294,0.003179026,0.003435821,0.003236035,0.002774419,0.003015928,0.002339514,0.002626069,0.002773725,0.003902746,0.002326858,0.002726903,0.00384975,0.003289815,0.002138596,0.002985744,0.003819144,0.004420275,0.00339979,0.002335209,0.002130975,0.003145678,0.003354191,0.002731865,0.003547871,0.005915519,0.006662285,0.006789164,0.004911224,0.005351857,0.007318039,0.004706694,0.00520238,0.006430421,0.005977736,0.004750692,0.005655801,0.004273897,0.00440287,0.005757619,0.006342384,0.004497867,0.006121092,0.006205853,0.006297928,0.005866395,0.005724276,0.004074511,0.00667362,0.004067905,0.005065769,0.007260975,0.004380683,0.005992618,0.00434527,0.001921329,0.00240498,0.00523001,0.002918387,0.001570871,0.002760118,0.002611063,0.002927891,0.00235846,0.002823271,0.003949046,0.003121311,0.003637684,0.001643534,0.002409434,0.00305012,0.003825351,0.002676544,0.002183726
190909_12:1,female,4/26/18,30.4,APOE33,N57584,N57585,0.3332645,0.003127445,0.002568457,0.002000242,0.001737626,0.002959261,0.002417511,0.002830109,0.001893704,0.001930772,0.001385306,0.001423037,0.001569446,0.001694571,0.001327861,0.001547933,0.00184239,0.001829134,0.001037898,0.001650604,0.001768695,0.001877311,0.00139049,0.000963329,0.001633774,0.002006056,0.001777635,0.001827784,0.001995007,0.001383894,0.001300169,0.001297353,0.001488145,0.001543072,0.00142512,0.00108695,0.001282755,0.001511856,0.001094019,0.001572863,0.001533636,0.002301899,0.001783689,0.001837692,0.001981371,0.001390175,0.001750276,0.004084455,0.003218799,0.002594448,0.003954071,0.002606372,0.001565896,0.001729318,0.002123132,0.00189685,0.002127416,0.002486352,0.001576245,0.001943244,0.002304637,0.003366065,0.002815191,0.002793496,0.002333255,0.002118855,0.002113457,0.00279134,0.002649127,0.002197177,0.002629843,0.00343878,0.002649451,0.002750119,0.002245454,0.0026378,0.003196539,0.003328467,0.003634589,0.002774229,0.00280458,0.002610087,0.002694238,0.003632141,0.002926744,0.003233488,0.003559316,0.003009905,0.002958128,0.00352661,0.002332623,0.002572007,0.00347915,0.002952853,0.002998545,0.003365782,0.003469647,0.002616296,0.002985246,0.002494449,0.002349742,0.002853641,0.00401117,0.002209015,0.002734747,0.003942491,0.003303771,0.002043461,0.002757615,0.003993822,0.004384048,0.003313812,0.002289585,0.002027068,0.003199673,0.003269619,0.002627024,0.003176592,0.00587175,0.006590906,0.006812105,0.005020239,0.005271876,0.007301583,0.004603278,0.005335457,0.006281577,0.005949158,0.004613759,0.005737913,0.004271133,0.004510973,0.005362096,0.006346794,0.004353559,0.006176575,0.006295778,0.006109443,0.005810715,0.006196799,0.004013863,0.006458963,0.004217567,0.005090968,0.007174338,0.004229435,0.006153167,0.004413387,0.002026109,0.002572789,0.004606618,0.002619567,0.00158618,0.002708008,0.002568497,0.002764073,0.002275415,0.002906792,0.003850776,0.003297256,0.003651346,0.001842931,0.002353183,0.002999611,0.003857031,0.002795719,0.00219411
190909_14:1,female,4/26/18,28.1,APOE33,N57590,N57591,0.3784018,0.003044595,0.002962127,0.00219781,0.002293541,0.002357221,0.002070623,0.003445822,0.00208454,0.001826321,0.001457544,0.001535784,0.0016094,0.001628595,0.001495578,0.00172873,0.001792921,0.001970821,0.001141646,0.001954893,0.002073954,0.00204382,0.001569632,0.001246487,0.001520088,0.002119743,0.002042853,0.002093146,0.002051487,0.00134228,0.001460674,0.001180719,0.00166331,0.001586633,0.001486558,0.001118458,0.001219965,0.001521267,0.001236329,0.00165894,0.001705513,0.002599557,0.001862384,0.002065968,0.002439325,0.00141911,0.001616978,0.002904429,0.003028171,0.003016356,0.003608015,0.002621464,0.001517979,0.001855673,0.001875976,0.002349102,0.001567863,0.002427162,0.001725547,0.00168197,0.001919082,0.003119775,0.002537337,0.002875093,0.00247631,0.001970614,0.001760212,0.00248895,0.002430052,0.002185631,0.002134242,0.003091875,0.002292767,0.002552337,0.001810071,0.002299747,0.003075677,0.003306841,0.003505259,0.002372078,0.002681126,0.002390992,0.002648937,0.003303211,0.003040181,0.002897607,0.003273657,0.002457617,0.002508042,0.003418404,0.002155239,0.002803359,0.003934783,0.002770954,0.003083145,0.003558146,0.003165416,0.00229863,0.00284943,0.002550321,0.002353069,0.002252668,0.004635004,0.002588262,0.002684299,0.003731447,0.00325854,0.002073087,0.002353069,0.004457929,0.004014455,0.003429946,0.00261837,0.002326686,0.002976073,0.003245874,0.002637833,0.003360584,0.005798519,0.006257726,0.007061728,0.004836827,0.004847624,0.007080842,0.005321952,0.005469907,0.005737578,0.006100525,0.003893149,0.005695472,0.004325489,0.004091479,0.004916881,0.006491365,0.004267395,0.006893238,0.006651634,0.006844535,0.006156293,0.00463453,0.004090581,0.006690613,0.004306486,0.004826351,0.007407215,0.004543504,0.00671363,0.004397968,0.003717463,0.002426865,0.005333656,0.002167248,0.002736364,0.002199261,0.002124004,0.002494319,0.002199579,0.002266196,0.004061525,0.002929926,0.003244841,0.001889244,0.002499376,0.002666371,0.003973372,0.002538979,0.002104306
190715_1:1,male,4/26/18,32.7,APOE33,N57546,N57547,0.3493043,0.002816435,0.002882234,0.001989825,0.002112667,0.002589656,0.002042254,0.003088516,0.002127355,0.001705604,0.001316966,0.001376091,0.001509765,0.001693354,0.001228833,0.001530326,0.001680153,0.001739261,0.001100505,0.00159929,0.001850209,0.001862078,0.001620521,0.001120391,0.001249943,0.001784643,0.001627544,0.00168249,0.001684524,0.00115061,0.001224648,0.001123566,0.001310034,0.00150373,0.001431553,0.001027904,0.001117639,0.001463044,0.001220744,0.001614598,0.001815911,0.002243587,0.001742083,0.00224019,0.002478499,0.001463087,0.001924341,0.003735768,0.003454572,0.002853869,0.003782677,0.002601917,0.001417372,0.001797363,0.001883802,0.00239795,0.001852373,0.002455945,0.001911074,0.002019047,0.002203358,0.003313127,0.002666998,0.002522317,0.002266438,0.002208803,0.001922202,0.002641364,0.00268181,0.002267556,0.002455097,0.003539604,0.002572523,0.002778572,0.002284642,0.002654562,0.003228297,0.003255181,0.003611763,0.002757071,0.002993174,0.00241748,0.002623076,0.003708348,0.003269409,0.003421357,0.003701377,0.003171823,0.00294763,0.00352581,0.002642027,0.002557215,0.003586661,0.003115456,0.00322471,0.003519717,0.003390214,0.002955468,0.003260459,0.002531788,0.002573777,0.003161721,0.004566823,0.002615384,0.002859233,0.004078762,0.003339787,0.00229082,0.003279373,0.004026488,0.004263375,0.003121775,0.002348901,0.002033374,0.003143154,0.003471122,0.002671525,0.00333581,0.005867412,0.006666121,0.006600578,0.004823103,0.005155823,0.006863413,0.004771575,0.005152094,0.006042584,0.005779755,0.004612594,0.005526705,0.00445837,0.004019197,0.005352995,0.006286113,0.004715125,0.006079921,0.006465527,0.006099193,0.006248221,0.005531735,0.003501126,0.005776235,0.003893554,0.005058914,0.00730565,0.004420801,0.005903753,0.004385189,0.001921524,0.002163679,0.005285548,0.002305123,0.001633113,0.002778067,0.002727348,0.002791406,0.002204128,0.002651133,0.00404097,0.003268476,0.003880227,0.001830222,0.002508533,0.003031267,0.004028361,0.002837535,0.002281757
190715_2:1,male,4/26/18,36.9,APOE33,N57548,N57549,0.3748723,0.002960442,0.002818504,0.002088588,0.002078564,0.002656545,0.002096914,0.003036721,0.002057299,0.001792829,0.001321115,0.0014422,0.001522024,0.001660804,0.001401341,0.001621119,0.001848623,0.001800807,0.001125082,0.001748106,0.001923475,0.001932308,0.001532033,0.001163617,0.001411632,0.001630706,0.001637981,0.001760872,0.001698705,0.001338999,0.00118345,0.001097067,0.001397541,0.001530076,0.001553187,0.001012299,0.001088086,0.001437621,0.001218288,0.001732442,0.001705405,0.002324107,0.001784721,0.002014722,0.002345667,0.001478468,0.001894869,0.003670032,0.003265233,0.002930356,0.00393392,0.002624214,0.00137928,0.001998056,0.001963154,0.002402584,0.001786116,0.002556536,0.001864319,0.002055349,0.002247286,0.003344705,0.002780637,0.002829971,0.002296709,0.00222226,0.002054748,0.002806869,0.002872917,0.002228171,0.002195369,0.003633003,0.002596151,0.002796882,0.002179432,0.00262974,0.003204262,0.003335145,0.003583994,0.002716298,0.002803028,0.002277176,0.002570673,0.003568911,0.003105017,0.003203819,0.003548596,0.003005297,0.002701026,0.003487884,0.002444234,0.002553026,0.00374238,0.003059818,0.002940461,0.003507172,0.003380942,0.002810155,0.002940563,0.002388244,0.002527256,0.002875634,0.004091523,0.002234478,0.002873801,0.004166824,0.003159682,0.002186228,0.003174864,0.003847104,0.004257491,0.003636182,0.00246562,0.001972782,0.003166944,0.003276846,0.002581137,0.003557592,0.006116597,0.006757546,0.006430361,0.004832874,0.005297077,0.00693149,0.004869288,0.005339723,0.006161667,0.006029395,0.004899655,0.005482306,0.004722874,0.00388147,0.005349304,0.006478042,0.004186276,0.006242017,0.006423912,0.006321527,0.006110816,0.005144274,0.00411842,0.006646042,0.004210351,0.004891512,0.00694779,0.004345553,0.005938206,0.004358396,0.001660127,0.002047482,0.00457547,0.002547992,0.001571656,0.00244313,0.002418639,0.002568055,0.002195947,0.002593316,0.00399992,0.003339958,0.003568983,0.001695651,0.002228275,0.003025724,0.003611307,0.002472102,0.002188322
190715_3:1,male,4/26/18,32.4,APOE33,N57550,N57551,0.3709755,0.003016468,0.002580089,0.002076379,0.001999276,0.002566775,0.001992986,0.002991625,0.002043918,0.001852186,0.001279487,0.001371591,0.001405083,0.001777651,0.001331546,0.001668236,0.0018164,0.002011944,0.000987851,0.001718484,0.001959466,0.001956339,0.001596439,0.00103868,0.001330865,0.001967204,0.001820062,0.00190939,0.001799985,0.001280558,0.001380135,0.00103553,0.001390376,0.001406424,0.001318485,0.001059041,0.001086531,0.001452172,0.00109002,0.001582446,0.00170719,0.002601951,0.001657656,0.00185273,0.002154112,0.001457006,0.001858918,0.00418499,0.003212814,0.002585479,0.004013601,0.002589529,0.001541327,0.001570817,0.001902491,0.00212362,0.001864968,0.002609803,0.001728652,0.001964225,0.002365679,0.003423887,0.002924743,0.002826105,0.002333655,0.002203514,0.002037189,0.002926017,0.002759325,0.00221819,0.002363328,0.003231888,0.002557289,0.002585177,0.002066911,0.002652765,0.003109722,0.00319242,0.003530653,0.00264631,0.002770438,0.002385955,0.002707739,0.003467894,0.002772308,0.003235389,0.003461028,0.003065306,0.002821052,0.003529821,0.002366778,0.002591772,0.003647235,0.002915783,0.002958148,0.003317869,0.003609599,0.00263216,0.002911933,0.0023102,0.00249863,0.002790058,0.003963127,0.002195208,0.002793428,0.004083841,0.003365336,0.002050194,0.002964859,0.004101589,0.004171409,0.003504595,0.002334923,0.00204165,0.002975166,0.00315216,0.002620318,0.003336621,0.005887322,0.006759827,0.006738601,0.004826812,0.005281059,0.007306217,0.004496974,0.005403561,0.006327428,0.006085826,0.004551023,0.005727207,0.004560334,0.003935881,0.005212879,0.006473192,0.004556856,0.006269246,0.006484198,0.006539311,0.005469539,0.005601075,0.00402549,0.006787167,0.003935707,0.005077989,0.007375409,0.004038128,0.006170179,0.004449458,0.001993247,0.002449457,0.005258449,0.002458439,0.001661144,0.002563946,0.002296351,0.002793046,0.002334219,0.002666797,0.003540082,0.002975289,0.003698227,0.001687,0.002338806,0.002861632,0.003750198,0.002771125,0.002125797
190909_10:1,male,4/26/18,36.4,APOE33,N57580,N57581,0.3833534,0.002809533,0.002442039,0.001836142,0.0019175,0.002739087,0.001977498,0.002888942,0.001964428,0.001920455,0.001411969,0.00138353,0.00163441,0.001550092,0.001179777,0.001462929,0.00166324,0.001595727,0.000969352,0.001492665,0.001716561,0.002013839,0.001302743,0.000978567,0.001392981,0.001966269,0.001712933,0.001738386,0.001753395,0.001265228,0.001267806,0.001175969,0.001498273,0.001525829,0.001422109,0.001038441,0.00127604,0.001482129,0.001084626,0.001300093,0.001509843,0.002116866,0.001772522,0.001895747,0.002086808,0.001354179,0.001852264,0.003624312,0.002714417,0.002755782,0.003320846,0.002686169,0.001589151,0.001660363,0.002238128,0.002098307,0.00205157,0.002466845,0.002271657,0.001921459,0.00219654,0.003229799,0.002624428,0.002853066,0.002296242,0.002151517,0.001973649,0.002730273,0.002530605,0.002274478,0.002372591,0.003634942,0.002538407,0.002665456,0.002062977,0.002522398,0.003281816,0.003265553,0.003750613,0.00246261,0.00291379,0.002494846,0.002947814,0.003581241,0.002941871,0.003356164,0.003549529,0.003219652,0.002953147,0.003572636,0.002663282,0.002697855,0.003634095,0.003211624,0.003162155,0.003455501,0.003795008,0.002701687,0.00313938,0.00248676,0.002598667,0.00302939,0.004230143,0.00242248,0.002930638,0.00413055,0.003450712,0.002191559,0.002649516,0.004117004,0.004579643,0.003193927,0.002313391,0.002063124,0.003070091,0.003453194,0.002704047,0.003422439,0.005924698,0.00695301,0.006679279,0.004924256,0.005203784,0.007031343,0.004758334,0.005486642,0.005823077,0.006119789,0.004508225,0.005661602,0.004318509,0.004205412,0.005778414,0.006505542,0.005022992,0.006536578,0.006468012,0.006573979,0.006049375,0.005109047,0.004068824,0.006650479,0.004211508,0.005292006,0.007569884,0.004411559,0.006300104,0.004537932,0.001882237,0.002340448,0.005742228,0.002484608,0.001696146,0.002732189,0.002202354,0.002598375,0.002162268,0.002890057,0.003871622,0.003533179,0.00378281,0.001864848,0.00248784,0.002947822,0.004066166,0.00282912,0.002141719
190909_13:1,male,4/26/18,34,APOE33,N57587,N57588,0.3794337,0.002692793,0.002507754,0.001927813,0.001993235,0.002783212,0.002110931,0.00283392,0.001986865,0.001785255,0.001537088,0.001552096,0.0017308,0.001608171,0.001304487,0.001437838,0.001750386,0.001627212,0.000919511,0.001532806,0.001740078,0.001793135,0.001366935,0.001078992,0.001674726,0.001911239,0.00173345,0.001827277,0.001749068,0.001363709,0.001219414,0.001251125,0.001511604,0.001534106,0.001437186,0.001052759,0.001171051,0.001416362,0.001130217,0.001324755,0.001548671,0.002071536,0.001793535,0.001441833,0.001778726,0.001360623,0.001600885,0.003772057,0.002758744,0.002639251,0.003589378,0.002648792,0.001564152,0.001606485,0.002098307,0.001963793,0.002073656,0.00241573,0.001733754,0.001988308,0.002154813,0.003336718,0.002578975,0.002896561,0.002254906,0.002077978,0.001873917,0.00261739,0.002432328,0.002267513,0.002422187,0.003417008,0.002491088,0.002710182,0.00200989,0.00274542,0.003149171,0.003280295,0.003690911,0.002866015,0.002846444,0.002517179,0.002898031,0.003447479,0.003019829,0.003359077,0.003624428,0.003271848,0.003055033,0.003463862,0.002340724,0.002641241,0.003592622,0.003080028,0.003108518,0.00347393,0.003587399,0.002868221,0.003133386,0.002437588,0.002552713,0.002997079,0.004023983,0.002455035,0.002862992,0.004119905,0.003432659,0.002185566,0.003198864,0.004073321,0.00433776,0.003324717,0.002312392,0.00211745,0.002985064,0.003422519,0.002526977,0.00321782,0.005961479,0.006998238,0.006704825,0.004995751,0.005339336,0.007140529,0.004630235,0.005297771,0.006032333,0.006237281,0.004987312,0.005829413,0.004396464,0.004188289,0.00594442,0.006520215,0.004828237,0.006487315,0.006717421,0.006824048,0.006049376,0.005951099,0.0041666,0.006824124,0.004236883,0.005247894,0.007535028,0.004405908,0.006075801,0.004475993,0.001979007,0.002098098,0.005891888,0.002475059,0.001760165,0.002827601,0.002251945,0.002525262,0.002188245,0.00275224,0.00388863,0.003226847,0.003596611,0.001797175,0.002399204,0.002894783,0.003842915,0.002914344,0.00199834
190610_6:1,female,4/3/18,25.6,APOE44,N57442,N57443,0.3886894,0.002625378,0.002607138,0.002059862,0.002136405,0.002453645,0.00225794,0.00301379,0.002154899,0.001758843,0.00136063,0.00131684,0.001386856,0.00183268,0.001406052,0.001634736,0.001746006,0.001964463,0.00093774,0.00164688,0.001922629,0.001817187,0.001542452,0.000970624,0.001323223,0.001753171,0.001628106,0.001717263,0.00163993,0.001309902,0.001217266,0.000975568,0.001329384,0.001390628,0.001390867,0.000982452,0.000971949,0.001454683,0.001059675,0.001445682,0.001724983,0.002282584,0.001878396,0.002012043,0.002406146,0.001573342,0.001865445,0.003067291,0.003004645,0.002512354,0.003478559,0.002535934,0.001341942,0.001694138,0.001938494,0.002347715,0.001521829,0.002416303,0.001730232,0.002160595,0.002113498,0.003510572,0.002530173,0.002807353,0.002297371,0.00208235,0.001907452,0.002497881,0.00235453,0.002132042,0.002305386,0.003588054,0.002552567,0.002767431,0.002142714,0.002598058,0.003273496,0.00334134,0.00364555,0.002778121,0.002954141,0.002344382,0.002710695,0.003785362,0.003060492,0.003256843,0.003614439,0.003118063,0.002834501,0.003635992,0.002896778,0.002738237,0.003973117,0.002879136,0.003173894,0.003605033,0.003396709,0.002784677,0.003201278,0.002497745,0.002522745,0.003001475,0.004356498,0.002468381,0.002929427,0.004387638,0.00340229,0.002257673,0.002955544,0.004198,0.004403699,0.0033478,0.002498892,0.002094423,0.003012084,0.003418048,0.002732301,0.003390683,0.005794328,0.00688192,0.006864355,0.004655299,0.005234159,0.006901173,0.00483054,0.005700669,0.00581839,0.006087813,0.004254791,0.005892576,0.00460416,0.003930961,0.00548405,0.006788268,0.004712416,0.006376302,0.006909187,0.006611569,0.006213901,0.006469624,0.004076392,0.006534365,0.004513365,0.00518128,0.007649931,0.004538997,0.006290678,0.004368707,0.00226494,0.001960915,0.005767682,0.002551717,0.002062182,0.002576146,0.002315047,0.002704652,0.002337823,0.002629127,0.003989958,0.003252924,0.003592131,0.0019128,0.002430675,0.003166901,0.004285001,0.002895882,0.001942853
190610_7:1,female,4/3/18,28.7,APOE44,N57447,N57448,0.360206,0.002969053,0.002897448,0.002055064,0.002046129,0.002593356,0.002367858,0.003167132,0.002198527,0.001713823,0.001546806,0.001396268,0.001620724,0.001832323,0.001423891,0.001599067,0.002006184,0.002057928,0.001052706,0.001687571,0.00190122,0.001813074,0.001631537,0.001046526,0.001369993,0.001788401,0.001768278,0.001799605,0.001846361,0.001349725,0.001278209,0.001044091,0.001357424,0.001496618,0.00164373,0.00105028,0.001016475,0.001546116,0.001219318,0.001615343,0.001842126,0.00237196,0.001905387,0.002141859,0.002466648,0.001494535,0.001820533,0.003966954,0.003322172,0.002565752,0.004099403,0.002620725,0.001466921,0.001925916,0.001889561,0.002404265,0.001696438,0.002510176,0.001566274,0.002033826,0.002250282,0.003557391,0.00275655,0.00278977,0.002264,0.002264002,0.002032552,0.002658196,0.002710927,0.002181182,0.002314673,0.00367663,0.002625645,0.002752556,0.002313627,0.002694999,0.003122215,0.003444903,0.00360493,0.003096167,0.002803204,0.002288325,0.002458144,0.003581212,0.003104409,0.003229588,0.003334346,0.002815629,0.00260883,0.003535705,0.00242164,0.002634321,0.003693479,0.002860293,0.002796508,0.003472678,0.003143486,0.002806007,0.002933998,0.002403034,0.002391786,0.002824714,0.003875006,0.002219364,0.00286039,0.004214106,0.003127066,0.002199353,0.003587032,0.003941502,0.0042804,0.003404463,0.002395159,0.001960937,0.002826779,0.003209655,0.002572763,0.003047619,0.006034766,0.006590401,0.006538947,0.004923133,0.005059054,0.007135509,0.004793079,0.005384653,0.006313895,0.005984856,0.004721649,0.005567757,0.004300018,0.00416183,0.004822184,0.006460376,0.004241885,0.006052581,0.006382199,0.006179518,0.005875877,0.006420304,0.00403696,0.006079784,0.00443059,0.004915574,0.007239498,0.004291471,0.005796027,0.004464836,0.001963734,0.00206071,0.005371667,0.002678271,0.00177714,0.002510348,0.00231971,0.002632537,0.00234713,0.002607051,0.003848904,0.003185606,0.00358557,0.001717534,0.00225445,0.003094556,0.00386968,0.002325267,0.002385883
190610_8:1,female,4/3/18,25.7,APOE44,N57451,N57517,0.3500358,0.002819848,0.002768002,0.002081217,0.00200276,0.002685697,0.002296008,0.00297111,0.002122443,0.001760634,0.001468087,0.001436819,0.001580728,0.001911395,0.001418295,0.001661542,0.001932719,0.002058913,0.001113702,0.001667515,0.001926491,0.001940107,0.001683521,0.000986619,0.001430414,0.00184899,0.001606689,0.001744924,0.001731895,0.001336952,0.001153066,0.001105555,0.001362402,0.001564617,0.00151852,0.000990583,0.001176384,0.001565741,0.001154552,0.001537901,0.00174214,0.002501565,0.001711737,0.001738666,0.002032845,0.001218343,0.001609326,0.003951571,0.003371569,0.002359066,0.003934069,0.002564199,0.001564754,0.001779704,0.002023824,0.002041207,0.001888877,0.00252385,0.001556676,0.001931196,0.002305665,0.003341514,0.002791968,0.002791119,0.002226467,0.002203037,0.001980035,0.002738406,0.00270168,0.002240985,0.002464633,0.003562795,0.00260064,0.002636127,0.002314545,0.002656467,0.003212433,0.00333096,0.003590969,0.002893672,0.002819294,0.002422583,0.002623982,0.003616312,0.00285855,0.003185919,0.003483473,0.002952602,0.002759594,0.003404987,0.002463446,0.002609637,0.003659368,0.002953106,0.002906094,0.003391015,0.00326385,0.002697942,0.002974135,0.002322087,0.002476215,0.002802387,0.00425988,0.002184824,0.002717431,0.004088636,0.003159823,0.00215108,0.00334872,0.003746771,0.004201576,0.003239217,0.002323894,0.001957005,0.002553444,0.003171442,0.0024275,0.002823483,0.006281216,0.006642928,0.006825779,0.004908579,0.005540039,0.00727843,0.004739075,0.005513412,0.006163245,0.005915483,0.00476556,0.005862291,0.004373515,0.003984224,0.005443814,0.006429996,0.004345866,0.005954882,0.006448989,0.006099479,0.006071034,0.006053716,0.003783793,0.006045677,0.004175688,0.005019988,0.007203299,0.004155809,0.005892981,0.004373952,0.002204953,0.002179188,0.004664151,0.002466598,0.001656606,0.002529251,0.00261935,0.002762026,0.002323886,0.002759947,0.003826303,0.0031241,0.003642265,0.001796214,0.002209788,0.003012419,0.003943568,0.002693994,0.002249037
190610_9:1,female,4/3/18,24.6,APOE44,N57518,N57519,0.3706115,0.002793755,0.002616089,0.002056975,0.002084574,0.002651205,0.002318683,0.002917319,0.002122241,0.001749993,0.001523811,0.001454937,0.001736321,0.00192175,0.001339505,0.001578764,0.001946452,0.00196457,0.001004949,0.001693918,0.001974296,0.001770337,0.001627601,0.001006447,0.00128727,0.00185896,0.001702385,0.001739488,0.001774107,0.001299108,0.001367976,0.001116971,0.001435188,0.001701124,0.001564823,0.000956834,0.001073504,0.001487998,0.001226613,0.001604603,0.001754702,0.002366467,0.001734004,0.001707611,0.001932218,0.00128813,0.001679736,0.003701584,0.003211264,0.002312962,0.003859227,0.0025839,0.001388714,0.001853664,0.001864875,0.002173417,0.001688007,0.00246347,0.001565454,0.001912326,0.002146195,0.003410357,0.002742382,0.002747633,0.002163642,0.002162299,0.001873128,0.002697172,0.002705076,0.002237274,0.002447809,0.003564979,0.002547044,0.002705692,0.002287174,0.002748797,0.003218764,0.003361714,0.003520396,0.002711025,0.00286619,0.002394013,0.002729807,0.003660102,0.003157162,0.003238185,0.003572762,0.003080028,0.002827166,0.003383265,0.002554327,0.002633351,0.003632203,0.002915951,0.002973481,0.003453641,0.003211059,0.002830173,0.003099337,0.00230897,0.002503912,0.002885534,0.0040149,0.002252822,0.002746378,0.004167918,0.003230107,0.002193973,0.00311633,0.003891674,0.00421789,0.003064065,0.002278288,0.002003522,0.002651754,0.003289282,0.002466143,0.003036249,0.005989991,0.006887939,0.006932152,0.0048285,0.005165569,0.007239372,0.004621201,0.005362766,0.006346726,0.005947975,0.004288836,0.005861565,0.004199889,0.003939227,0.005388758,0.006491225,0.0045085,0.00619095,0.006460268,0.006278026,0.006314131,0.006059452,0.003984559,0.006648481,0.0042478,0.005003461,0.007378996,0.004274342,0.006102369,0.004423918,0.002376215,0.002059027,0.005405259,0.00244719,0.001671324,0.002526671,0.002517697,0.002681202,0.002291209,0.002699957,0.003957715,0.003068802,0.003625703,0.001946232,0.002250543,0.003048723,0.003931334,0.002660017,0.002114383
190610_10:1,female,4/3/18,29.6,APOE44,N57522,N57523,0.3576545,0.002854724,0.002763724,0.002143773,0.002050719,0.002595282,0.002314554,0.003124465,0.002153083,0.0017181,0.001512776,0.001410409,0.001665147,0.001877381,0.001401737,0.001768003,0.001964967,0.002046712,0.001164793,0.001736821,0.0020707,0.00176661,0.001589204,0.001130614,0.001479788,0.001781385,0.001650583,0.001772239,0.001746819,0.001242199,0.001199771,0.001150975,0.001315337,0.001545237,0.001615787,0.001219727,0.001164958,0.001681527,0.00131297,0.001728377,0.001870715,0.002404075,0.001862421,0.001960921,0.002281368,0.001482039,0.001708721,0.003754363,0.003398637,0.002251583,0.00389036,0.002639878,0.001396345,0.001855399,0.002028755,0.00225504,0.001605294,0.00245615,0.001562763,0.001981641,0.002177272,0.00352648,0.002774126,0.002673504,0.002265392,0.002085741,0.001879758,0.002599505,0.002657207,0.002142644,0.002366219,0.003510052,0.00259777,0.002820514,0.002267249,0.002854312,0.003210507,0.003367705,0.003633993,0.002974078,0.002763,0.002268933,0.002486351,0.003636651,0.002993096,0.003216991,0.003297126,0.002961246,0.002777336,0.00355074,0.00240565,0.002574597,0.003531887,0.002840086,0.003086463,0.003620144,0.0033691,0.002851071,0.002961422,0.002345741,0.002379109,0.002854675,0.004086287,0.002182113,0.002853027,0.004209245,0.003343115,0.002186885,0.003603309,0.0037895,0.004059345,0.003500303,0.002399844,0.001902242,0.003257585,0.003363626,0.002689932,0.003191277,0.006032524,0.006753543,0.006709908,0.0049929,0.005113592,0.00717798,0.004785638,0.005155044,0.006517724,0.005929991,0.00435057,0.005844099,0.004696628,0.003873319,0.004989794,0.006398209,0.004336785,0.006170666,0.006392613,0.006233038,0.005979045,0.005238732,0.004342721,0.006518143,0.00430446,0.004998563,0.007249371,0.004419272,0.00594757,0.004429938,0.00225779,0.00200303,0.005393982,0.00229144,0.001801808,0.002556934,0.002420644,0.002601437,0.00222108,0.002769306,0.003758627,0.003126625,0.003641868,0.00185606,0.002180392,0.002939359,0.003985252,0.002854057,0.002129228
190610_1:1,male,4/3/18,30.7,APOE44,N57437,N57438,0.3956551,0.002965785,0.002814453,0.002153222,0.002201879,0.002482065,0.002238449,0.003081038,0.002345447,0.001810093,0.001558669,0.001486613,0.001610474,0.001749096,0.00133057,0.001555151,0.00193335,0.001802263,0.001090987,0.00160962,0.001887647,0.001762322,0.001701133,0.001133472,0.00141782,0.001725221,0.001659367,0.001709631,0.001638736,0.001387704,0.001263589,0.001147519,0.00142836,0.001580391,0.001563471,0.001138288,0.001108557,0.001575342,0.001184392,0.001549669,0.001736099,0.002141241,0.001753773,0.001798878,0.002249298,0.001373541,0.001715084,0.003747066,0.003104231,0.002609589,0.003817794,0.002627824,0.001410005,0.00192266,0.001925333,0.002312454,0.001798462,0.00245088,0.001841377,0.002029258,0.002136452,0.003459994,0.002700693,0.002753459,0.002176509,0.002114116,0.001937664,0.002572819,0.002428679,0.002219617,0.002298658,0.003555197,0.002629271,0.002869678,0.002312921,0.002642368,0.003169758,0.00332084,0.003652349,0.002736812,0.002806547,0.002335094,0.002631784,0.003511562,0.003000354,0.003320349,0.003497245,0.0030801,0.002768221,0.003395852,0.002471077,0.002679405,0.003451325,0.003011649,0.002985404,0.003471379,0.003282908,0.002827706,0.003038999,0.002343303,0.002470464,0.003042605,0.004157606,0.002319278,0.002834831,0.004210085,0.003432059,0.002180919,0.003092165,0.003959195,0.004252641,0.003545031,0.002343271,0.002069849,0.002697474,0.003214472,0.002563118,0.003066888,0.006003975,0.006629967,0.006449038,0.004961947,0.005402623,0.007162476,0.004631188,0.005299531,0.00617504,0.006137925,0.005159163,0.005550467,0.004579902,0.003969888,0.005499904,0.006406151,0.004462501,0.006066035,0.006338544,0.006331146,0.006218093,0.005541012,0.004073275,0.006918376,0.004296578,0.00499443,0.00703787,0.004156399,0.005896546,0.004408583,0.001848907,0.002145173,0.005035333,0.002445368,0.001612517,0.002632967,0.00236236,0.00263321,0.002269536,0.002643882,0.003764887,0.002952756,0.003649648,0.00184469,0.00232336,0.002973458,0.003738743,0.002425336,0.00222839
190610_2:1,male,4/3/18,32.1,APOE44,N57446,N57445,0.392502,0.002847373,0.002719135,0.002061883,0.002134315,0.002609548,0.002109822,0.003068504,0.002150385,0.001827417,0.001381493,0.001423366,0.001584096,0.00180964,0.001371978,0.001670718,0.001832788,0.001993874,0.001069479,0.001677278,0.001917352,0.001885906,0.001641764,0.001165287,0.001293769,0.001877844,0.001662799,0.001745956,0.00170593,0.001261292,0.001353878,0.00113108,0.001335492,0.001543003,0.001487697,0.001195456,0.001128669,0.001524253,0.00119507,0.001692799,0.001859609,0.002384962,0.00174944,0.001920017,0.002261098,0.001405179,0.001668617,0.003647707,0.003134975,0.002513283,0.003784754,0.002560815,0.001322136,0.001760365,0.001828968,0.002310901,0.001602835,0.002506394,0.001562558,0.002046374,0.002192226,0.003435295,0.00269074,0.00272944,0.002224032,0.002131012,0.001964722,0.002591112,0.002561629,0.002286052,0.002287759,0.003539292,0.002581291,0.00276958,0.002175194,0.002753685,0.003177014,0.003297906,0.003605669,0.002847518,0.00283841,0.002269014,0.002539146,0.003382812,0.003084587,0.003302278,0.00339752,0.003154758,0.002777782,0.003482348,0.002501734,0.002643494,0.003639882,0.002960465,0.003131605,0.003497765,0.00340353,0.002865014,0.00305925,0.002349594,0.002414791,0.003006529,0.004048613,0.002233469,0.002911614,0.004304708,0.003333446,0.002217616,0.003074262,0.003956942,0.004288232,0.003369287,0.002475928,0.002080588,0.003063123,0.003272372,0.002655181,0.003319442,0.0060266,0.006719273,0.006419524,0.004761282,0.005221911,0.007014886,0.00480385,0.00546849,0.006302664,0.0059421,0.004899733,0.005562451,0.004538369,0.00402638,0.005397461,0.006324335,0.004492943,0.006041388,0.006424972,0.006213437,0.005803241,0.005400106,0.003914108,0.006079029,0.004196141,0.004972961,0.007291524,0.004396175,0.005783133,0.00436649,0.001906453,0.002072485,0.005296839,0.002286647,0.001729874,0.002555606,0.002162019,0.002737908,0.002246094,0.002593947,0.003994694,0.003039985,0.003641145,0.001727278,0.002332551,0.002956906,0.004013856,0.002710071,0.002150581
190610_3:1,male,4/3/18,31.6,APOE44,N57449,N57450,0.3865039,0.002802264,0.002791891,0.002076139,0.002104575,0.002535005,0.002126584,0.003079503,0.002085555,0.001756515,0.001471977,0.001354093,0.001568115,0.001845877,0.001402463,0.001670814,0.001948826,0.001976253,0.001204375,0.00172931,0.001916149,0.001746706,0.001553079,0.001085572,0.001255707,0.001756254,0.001713159,0.00177725,0.001743461,0.001288683,0.001455544,0.001117557,0.001343183,0.001551674,0.001632191,0.001103303,0.001066581,0.001491924,0.001152199,0.001675328,0.001784828,0.00228492,0.001895231,0.002161065,0.002475234,0.001603507,0.001895975,0.003557856,0.003428872,0.002686156,0.00418966,0.002650895,0.001420381,0.00195774,0.001817141,0.002544094,0.001723118,0.002557721,0.001799866,0.002150735,0.002249828,0.00350805,0.002708692,0.002823352,0.002262699,0.00222518,0.001962205,0.002538354,0.002653298,0.002217574,0.002122271,0.003480141,0.002548747,0.002798217,0.002085423,0.00271823,0.003258166,0.0034031,0.003655016,0.002977698,0.00283933,0.002228149,0.002541894,0.003500885,0.002984089,0.003229313,0.003412438,0.002971378,0.002700209,0.003491541,0.002393361,0.002618447,0.003755391,0.002850565,0.003174034,0.003508452,0.003197297,0.00278755,0.00311972,0.002423168,0.00255009,0.002986759,0.004118665,0.002254687,0.002959115,0.004364898,0.003286367,0.002217091,0.003638604,0.003874972,0.004107861,0.003624474,0.002498381,0.002060811,0.002861173,0.00326932,0.002599688,0.00314071,0.005993701,0.006849746,0.006488573,0.004809827,0.005152194,0.006849365,0.004759342,0.005529949,0.006014827,0.006016205,0.004795493,0.005446918,0.004561097,0.003778607,0.005374078,0.006462541,0.004330711,0.00602523,0.006629014,0.006432716,0.00583321,0.005437172,0.004120044,0.006480621,0.004419648,0.004958013,0.007291253,0.004401291,0.005879764,0.004298085,0.001911939,0.00191878,0.005495238,0.002572387,0.001797959,0.002431135,0.002303337,0.002746339,0.00229407,0.002541084,0.003846681,0.003012647,0.003593687,0.001782065,0.002291062,0.002949625,0.003765915,0.002585063,0.002280228
190610_4:1,male,4/3/18,30.6,APOE44,N57515,N57516,0.3752702,0.002907074,0.002675777,0.002165529,0.002079729,0.002455335,0.002256274,0.003107387,0.002192361,0.001843461,0.001420103,0.001370523,0.001590794,0.001703973,0.001294623,0.001589209,0.001851792,0.001908859,0.001184499,0.001613153,0.001879969,0.001873884,0.001651549,0.001288315,0.001349133,0.001683672,0.001593386,0.001727523,0.001740532,0.001271853,0.001289806,0.001145436,0.001334097,0.001510129,0.001563754,0.001223028,0.001136499,0.001607528,0.001211415,0.001559553,0.001889734,0.002351578,0.001856633,0.001882125,0.002230997,0.001502673,0.001699905,0.003832267,0.003315204,0.002443759,0.003972074,0.002591065,0.001394567,0.001783329,0.002025983,0.002214515,0.001847983,0.002524242,0.001647604,0.002039364,0.002188327,0.003521648,0.00272568,0.002788855,0.002190414,0.002077505,0.001984194,0.002560753,0.002615371,0.002151823,0.002195233,0.003459849,0.002646579,0.002885455,0.002240186,0.002709554,0.003050423,0.003393418,0.003715792,0.002904671,0.002787763,0.002323405,0.002632411,0.003576175,0.002980226,0.003224314,0.00344846,0.002973604,0.002674147,0.003391029,0.0024432,0.00264571,0.003739211,0.002942968,0.003154447,0.003512781,0.003418401,0.002705289,0.00295311,0.002422593,0.002443482,0.002766524,0.004232136,0.002291367,0.002930648,0.004246763,0.003321593,0.002166977,0.003223615,0.003717665,0.004390398,0.003433138,0.002401635,0.002083674,0.002667303,0.003242851,0.002351284,0.003342642,0.006013975,0.006832136,0.006501284,0.004855553,0.005411234,0.007154124,0.00485429,0.0052325,0.006391478,0.006231939,0.00504303,0.005752667,0.004765788,0.003876954,0.005298105,0.006583805,0.004367558,0.0062263,0.006334827,0.006477757,0.006241778,0.005736797,0.003861103,0.006343397,0.004471944,0.004960869,0.007154964,0.004232077,0.006067555,0.004456902,0.001877805,0.00205892,0.005611734,0.002305098,0.001717975,0.002463153,0.002561376,0.002712919,0.002085187,0.002755711,0.003838594,0.003382749,0.003678632,0.001721326,0.002225596,0.003014916,0.004014329,0.002565838,0.002170722
190610_5:1,male,4/3/18,32.2,APOE44,N57520,N57521,0.3578771,0.002771185,0.002696217,0.002004425,0.002040463,0.002620176,0.002167541,0.003090253,0.002204085,0.001784634,0.001411047,0.001425287,0.001507723,0.001698854,0.001325058,0.001596831,0.001895812,0.001864586,0.000972442,0.001663141,0.001906688,0.001873513,0.001693351,0.001044311,0.00131619,0.001810671,0.001647944,0.001745074,0.001626338,0.00124982,0.001386697,0.001097168,0.001390748,0.001461761,0.001539453,0.001122175,0.001140398,0.001527449,0.001245763,0.001620865,0.001844404,0.002369909,0.00176123,0.002072243,0.002451932,0.001394893,0.001715321,0.003661342,0.003375753,0.002393145,0.003894664,0.002505932,0.001379584,0.001857565,0.001777358,0.002419143,0.001641155,0.002507634,0.001835719,0.002055041,0.002250973,0.003385557,0.002717064,0.002685843,0.002214021,0.002059631,0.00195414,0.002646837,0.002648575,0.002327191,0.002144956,0.00351575,0.002559554,0.002785512,0.002230398,0.002659479,0.003199768,0.003305037,0.00362308,0.002724182,0.00282312,0.002257546,0.002545973,0.003580569,0.003026482,0.003289556,0.003543454,0.003229987,0.002756725,0.003365408,0.002599823,0.002605904,0.003554583,0.003009646,0.003168684,0.003613695,0.00328357,0.00305879,0.003153677,0.002481214,0.002433777,0.003044685,0.004223931,0.002428059,0.00290139,0.00436705,0.003223541,0.002268209,0.00353762,0.003890588,0.004113752,0.003486084,0.002435272,0.001999836,0.002751965,0.003377419,0.002431624,0.003355999,0.005984689,0.006907946,0.006596046,0.004813764,0.00537112,0.007075989,0.004828809,0.005232624,0.006175503,0.005926619,0.004860506,0.005631153,0.00474292,0.00403877,0.005364742,0.006455131,0.004441541,0.006179639,0.006446932,0.006334257,0.006153189,0.005482806,0.003781673,0.005972336,0.004268185,0.004980144,0.007243962,0.004384433,0.005826715,0.004330188,0.001989679,0.002112585,0.005297844,0.00235463,0.00179686,0.00246825,0.002231548,0.002791705,0.002169085,0.002560354,0.00401308,0.002922117,0.003523012,0.001799722,0.00233442,0.003024352,0.003779836,0.002740891,0.002149707
190715_4:1,female,3/21/18,27.8,HN,N57554,N57559,0.3488808,0.002913901,0.002609574,0.001846662,0.00186514,0.002728605,0.002053316,0.003020715,0.001999486,0.001828953,0.001572277,0.001446629,0.001611879,0.001662908,0.001287674,0.001572859,0.001836811,0.001892521,0.000953121,0.001622614,0.001851262,0.001886055,0.001405774,0.001050957,0.001435811,0.001862505,0.001779559,0.001844401,0.001811093,0.001361645,0.001203675,0.001125032,0.001429847,0.001474342,0.001421097,0.00109937,0.00117408,0.001476191,0.001117701,0.001480062,0.001612414,0.002357545,0.001769672,0.001962409,0.002197093,0.001415277,0.001891888,0.004009007,0.003189952,0.002629187,0.003814462,0.002555236,0.001438841,0.001682757,0.002014987,0.0022429,0.001969298,0.002432969,0.001953432,0.001821158,0.002185146,0.003219919,0.002725627,0.002781666,0.002274137,0.002117493,0.001948659,0.002759863,0.00258956,0.002112472,0.002487323,0.003309538,0.002574365,0.002658463,0.002165447,0.00257556,0.003153476,0.003315786,0.003567251,0.002680805,0.002753903,0.002393914,0.002582196,0.003426277,0.002835227,0.00326938,0.003541467,0.003038988,0.00282083,0.003527537,0.002327841,0.002585641,0.003741371,0.002895988,0.003160895,0.003550073,0.003448405,0.002886325,0.003243844,0.002467127,0.002509307,0.003169845,0.004374128,0.002474384,0.002853559,0.00405234,0.003243557,0.002143634,0.003250051,0.003960178,0.00423395,0.003453623,0.002341685,0.002187138,0.00333287,0.003470742,0.002846452,0.003327092,0.006151296,0.006906619,0.006683609,0.004906464,0.005334902,0.00719397,0.004720351,0.00537405,0.006287804,0.005914637,0.004684921,0.005915871,0.004538127,0.004344738,0.005405145,0.006480793,0.004419471,0.006354348,0.006564306,0.006566366,0.006275655,0.005360917,0.004015721,0.006065667,0.004188188,0.005139062,0.007490831,0.004233689,0.006158526,0.004478017,0.001934564,0.002250791,0.005457333,0.002574611,0.00178564,0.002577767,0.002618552,0.002550646,0.002280736,0.002804241,0.003804093,0.003248223,0.00359637,0.00179872,0.00248052,0.002923104,0.003767417,0.002618154,0.00207773
190909_9:1,male,3/21/18,33.4,HN,N57559,N57560,0.3827194,0.002836288,0.002703711,0.002049932,0.002035179,0.002597624,0.002179237,0.003042123,0.002142467,0.001804306,0.001455718,0.001419971,0.001582472,0.001773341,0.001336897,0.001599683,0.001853271,0.001905754,0.001042952,0.00163742,0.001888562,0.001838876,0.001576985,0.001086859,0.001344806,0.001829644,0.001690374,0.001767714,0.001717113,0.001301265,0.00127986,0.001113335,0.001382217,0.001509237,0.001522559,0.001107574,0.001133622,0.001533379,0.001176192,0.001570685,0.001778348,0.002314284,0.001786464,0.001896922,0.00224952,0.001410001,0.001735666,0.003700425,0.003161842,0.00249257,0.003810229,0.002580725,0.001415684,0.001779955,0.001935668,0.002290506,0.001741674,0.002478568,0.001718277,0.001983981,0.002166554,0.00343106,0.002678689,0.00276937,0.002225535,0.002096126,0.001933089,0.0026022,0.002538258,0.002217471,0.002282237,0.003499289,0.002578027,0.002785968,0.00219657,0.0026972,0.003180862,0.003350389,0.003646126,0.00277957,0.002810997,0.002338213,0.002632287,0.003546155,0.00302774,0.00325724,0.003473419,0.003077034,0.002757052,0.003486395,0.00250528,0.002610482,0.00369426,0.00297328,0.003109019,0.003533254,0.003358292,0.002818973,0.003062855,0.002389728,0.002493774,0.002994024,0.00420914,0.002333687,0.002893787,0.004239621,0.003317307,0.002196355,0.003286999,0.003942715,0.004213059,0.003450565,0.002373405,0.002059394,0.002931214,0.003335642,0.002587277,0.00327412,0.006082833,0.006867083,0.006662402,0.004873665,0.005272956,0.007132097,0.004790812,0.005390676,0.006210344,0.006071834,0.004785836,0.005727303,0.004590493,0.003956334,0.005345443,0.006504898,0.004463756,0.006218202,0.00651858,0.006454081,0.00618744,0.005582028,0.004026909,0.006350757,0.004299014,0.005046172,0.007354124,0.004312377,0.006054651,0.004432698,0.002055726,0.002039856,0.005454476,0.002364775,0.001748801,0.002516797,0.002389393,0.002659846,0.002235419,0.002670374,0.003872059,0.003213519,0.003621745,0.001831094,0.002317643,0.002946468,0.003829835,0.002626666,0.002115925